news_id,user_id,title,description,image_url,external_link,status,publish_date,created_at,updated_at
1,348,Campus News Title 1,This is the description for campus news article number 1.,https://example.com/news/image_1.jpg,https://example.com/news/1,pending,24-02-2026 11:00,14-01-2026 14:00,14-01-2026 19:00
2,626,Campus News Title 2,This is the description for campus news article number 2.,https://example.com/news/image_2.jpg,https://example.com/news/2,draft,01-02-2026 17:00,28-02-2026 15:00,28-02-2026 16:00
3,934,Campus News Title 3,This is the description for campus news article number 3.,https://example.com/news/image_3.jpg,https://example.com/news/3,pending,31-01-2026 14:00,09-02-2026 13:00,09-02-2026 17:00
4,899,Campus News Title 4,This is the description for campus news article number 4.,https://example.com/news/image_4.jpg,https://example.com/news/4,pending,04-02-2026 11:00,24-02-2026 12:00,24-02-2026 15:00
5,506,Campus News Title 5,This is the description for campus news article number 5.,https://example.com/news/image_5.jpg,https://example.com/news/5,rejected,17-02-2026 11:00,28-01-2026 13:00,28-01-2026 15:00
6,330,Campus News Title 6,This is the description for campus news article number 6.,https://example.com/news/image_6.jpg,https://example.com/news/6,draft,19-01-2026 16:00,03-01-2026 14:00,03-01-2026 19:00
7,779,Campus News Title 7,This is the description for campus news article number 7.,https://example.com/news/image_7.jpg,https://example.com/news/7,rejected,19-02-2026 12:00,07-02-2026 13:00,07-02-2026 16:00
8,715,Campus News Title 8,This is the description for campus news article number 8.,https://example.com/news/image_8.jpg,https://example.com/news/8,rejected,30-01-2026 14:00,06-02-2026 17:00,06-02-2026 20:00
9,388,Campus News Title 9,This is the description for campus news article number 9.,https://example.com/news/image_9.jpg,https://example.com/news/9,rejected,09-02-2026 09:00,06-02-2026 17:00,06-02-2026 18:00
10,2,Campus News Title 10,This is the description for campus news article number 10.,https://example.com/news/image_10.jpg,https://example.com/news/10,draft,05-01-2026 12:00,26-02-2026 17:00,26-02-2026 17:00
11,485,Campus News Title 11,This is the description for campus news article number 11.,https://example.com/news/image_11.jpg,https://example.com/news/11,rejected,04-01-2026 16:00,27-01-2026 16:00,27-01-2026 20:00
12,706,Campus News Title 12,This is the description for campus news article number 12.,https://example.com/news/image_12.jpg,https://example.com/news/12,draft,28-02-2026 12:00,23-01-2026 15:00,23-01-2026 19:00
13,526,Campus News Title 13,This is the description for campus news article number 13.,https://example.com/news/image_13.jpg,https://example.com/news/13,rejected,20-01-2026 15:00,23-02-2026 12:00,23-02-2026 14:00
14,231,Campus News Title 14,This is the description for campus news article number 14.,https://example.com/news/image_14.jpg,https://example.com/news/14,pending,04-01-2026 09:00,21-02-2026 09:00,21-02-2026 13:00
15,912,Campus News Title 15,This is the description for campus news article number 15.,https://example.com/news/image_15.jpg,https://example.com/news/15,rejected,02-01-2026 09:00,18-01-2026 17:00,18-01-2026 20:00
16,62,Campus News Title 16,This is the description for campus news article number 16.,https://example.com/news/image_16.jpg,https://example.com/news/16,published,26-01-2026 13:00,01-01-2026 14:00,01-01-2026 19:00
17,692,Campus News Title 17,This is the description for campus news article number 17.,https://example.com/news/image_17.jpg,https://example.com/news/17,draft,10-01-2026 09:00,22-02-2026 10:00,22-02-2026 15:00
18,435,Campus News Title 18,This is the description for campus news article number 18.,https://example.com/news/image_18.jpg,https://example.com/news/18,draft,15-01-2026 17:00,30-01-2026 14:00,30-01-2026 15:00
19,642,Campus News Title 19,This is the description for campus news article number 19.,https://example.com/news/image_19.jpg,https://example.com/news/19,rejected,28-02-2026 13:00,16-01-2026 16:00,16-01-2026 17:00
20,40,Campus News Title 20,This is the description for campus news article number 20.,https://example.com/news/image_20.jpg,https://example.com/news/20,draft,17-02-2026 10:00,09-02-2026 10:00,09-02-2026 11:00
21,537,Campus News Title 21,This is the description for campus news article number 21.,https://example.com/news/image_21.jpg,https://example.com/news/21,draft,23-02-2026 15:00,20-01-2026 14:00,20-01-2026 15:00
22,635,Campus News Title 22,This is the description for campus news article number 22.,https://example.com/news/image_22.jpg,https://example.com/news/22,published,15-01-2026 14:00,18-01-2026 11:00,18-01-2026 13:00
23,882,Campus News Title 23,This is the description for campus news article number 23.,https://example.com/news/image_23.jpg,https://example.com/news/23,rejected,31-01-2026 13:00,16-02-2026 11:00,16-02-2026 11:00
24,128,Campus News Title 24,This is the description for campus news article number 24.,https://example.com/news/image_24.jpg,https://example.com/news/24,rejected,05-01-2026 09:00,28-02-2026 17:00,28-02-2026 22:00
25,441,Campus News Title 25,This is the description for campus news article number 25.,https://example.com/news/image_25.jpg,https://example.com/news/25,published,11-02-2026 13:00,19-02-2026 14:00,19-02-2026 16:00
26,561,Campus News Title 26,This is the description for campus news article number 26.,https://example.com/news/image_26.jpg,https://example.com/news/26,pending,16-01-2026 16:00,01-01-2026 14:00,01-01-2026 14:00
27,646,Campus News Title 27,This is the description for campus news article number 27.,https://example.com/news/image_27.jpg,https://example.com/news/27,draft,12-02-2026 11:00,19-02-2026 10:00,19-02-2026 12:00
28,586,Campus News Title 28,This is the description for campus news article number 28.,https://example.com/news/image_28.jpg,https://example.com/news/28,published,18-02-2026 10:00,25-02-2026 16:00,25-02-2026 18:00
29,390,Campus News Title 29,This is the description for campus news article number 29.,https://example.com/news/image_29.jpg,https://example.com/news/29,pending,05-02-2026 16:00,26-02-2026 15:00,26-02-2026 16:00
30,50,Campus News Title 30,This is the description for campus news article number 30.,https://example.com/news/image_30.jpg,https://example.com/news/30,pending,17-02-2026 10:00,12-02-2026 13:00,12-02-2026 15:00
31,410,Campus News Title 31,This is the description for campus news article number 31.,https://example.com/news/image_31.jpg,https://example.com/news/31,draft,05-02-2026 17:00,01-01-2026 15:00,01-01-2026 19:00
32,144,Campus News Title 32,This is the description for campus news article number 32.,https://example.com/news/image_32.jpg,https://example.com/news/32,draft,21-02-2026 14:00,07-02-2026 11:00,07-02-2026 11:00
33,93,Campus News Title 33,This is the description for campus news article number 33.,https://example.com/news/image_33.jpg,https://example.com/news/33,pending,01-01-2026 10:00,01-02-2026 10:00,01-02-2026 14:00
34,200,Campus News Title 34,This is the description for campus news article number 34.,https://example.com/news/image_34.jpg,https://example.com/news/34,rejected,28-02-2026 11:00,24-01-2026 15:00,24-01-2026 15:00
35,581,Campus News Title 35,This is the description for campus news article number 35.,https://example.com/news/image_35.jpg,https://example.com/news/35,published,24-02-2026 13:00,13-02-2026 12:00,13-02-2026 12:00
36,543,Campus News Title 36,This is the description for campus news article number 36.,https://example.com/news/image_36.jpg,https://example.com/news/36,pending,18-01-2026 11:00,27-02-2026 12:00,27-02-2026 13:00
37,161,Campus News Title 37,This is the description for campus news article number 37.,https://example.com/news/image_37.jpg,https://example.com/news/37,pending,22-02-2026 10:00,12-01-2026 16:00,12-01-2026 17:00
38,110,Campus News Title 38,This is the description for campus news article number 38.,https://example.com/news/image_38.jpg,https://example.com/news/38,published,30-01-2026 17:00,22-02-2026 10:00,22-02-2026 13:00
39,541,Campus News Title 39,This is the description for campus news article number 39.,https://example.com/news/image_39.jpg,https://example.com/news/39,draft,07-01-2026 16:00,22-02-2026 12:00,22-02-2026 17:00
40,933,Campus News Title 40,This is the description for campus news article number 40.,https://example.com/news/image_40.jpg,https://example.com/news/40,rejected,20-02-2026 17:00,19-01-2026 10:00,19-01-2026 14:00
41,135,Campus News Title 41,This is the description for campus news article number 41.,https://example.com/news/image_41.jpg,https://example.com/news/41,pending,24-02-2026 17:00,06-01-2026 15:00,06-01-2026 19:00
42,199,Campus News Title 42,This is the description for campus news article number 42.,https://example.com/news/image_42.jpg,https://example.com/news/42,rejected,28-02-2026 09:00,16-01-2026 13:00,16-01-2026 17:00
43,803,Campus News Title 43,This is the description for campus news article number 43.,https://example.com/news/image_43.jpg,https://example.com/news/43,published,17-02-2026 17:00,27-02-2026 14:00,27-02-2026 19:00
44,819,Campus News Title 44,This is the description for campus news article number 44.,https://example.com/news/image_44.jpg,https://example.com/news/44,published,27-01-2026 12:00,28-02-2026 14:00,28-02-2026 19:00
45,712,Campus News Title 45,This is the description for campus news article number 45.,https://example.com/news/image_45.jpg,https://example.com/news/45,rejected,26-01-2026 15:00,02-01-2026 09:00,02-01-2026 09:00
46,110,Campus News Title 46,This is the description for campus news article number 46.,https://example.com/news/image_46.jpg,https://example.com/news/46,rejected,07-01-2026 10:00,17-01-2026 13:00,17-01-2026 13:00
47,604,Campus News Title 47,This is the description for campus news article number 47.,https://example.com/news/image_47.jpg,https://example.com/news/47,pending,19-01-2026 16:00,08-01-2026 11:00,08-01-2026 16:00
48,420,Campus News Title 48,This is the description for campus news article number 48.,https://example.com/news/image_48.jpg,https://example.com/news/48,rejected,06-01-2026 15:00,07-02-2026 11:00,07-02-2026 11:00
49,687,Campus News Title 49,This is the description for campus news article number 49.,https://example.com/news/image_49.jpg,https://example.com/news/49,published,22-01-2026 15:00,01-03-2026 17:00,01-03-2026 22:00
50,70,Campus News Title 50,This is the description for campus news article number 50.,https://example.com/news/image_50.jpg,https://example.com/news/50,pending,16-02-2026 17:00,05-02-2026 11:00,05-02-2026 16:00
51,895,Campus News Title 51,This is the description for campus news article number 51.,https://example.com/news/image_51.jpg,https://example.com/news/51,published,17-02-2026 12:00,02-01-2026 14:00,02-01-2026 18:00
52,755,Campus News Title 52,This is the description for campus news article number 52.,https://example.com/news/image_52.jpg,https://example.com/news/52,pending,22-02-2026 17:00,26-01-2026 12:00,26-01-2026 17:00
53,129,Campus News Title 53,This is the description for campus news article number 53.,https://example.com/news/image_53.jpg,https://example.com/news/53,draft,17-01-2026 14:00,16-01-2026 13:00,16-01-2026 18:00
54,236,Campus News Title 54,This is the description for campus news article number 54.,https://example.com/news/image_54.jpg,https://example.com/news/54,published,06-01-2026 09:00,22-01-2026 15:00,22-01-2026 19:00
55,62,Campus News Title 55,This is the description for campus news article number 55.,https://example.com/news/image_55.jpg,https://example.com/news/55,draft,24-01-2026 11:00,12-01-2026 14:00,12-01-2026 16:00
56,638,Campus News Title 56,This is the description for campus news article number 56.,https://example.com/news/image_56.jpg,https://example.com/news/56,draft,22-01-2026 14:00,22-01-2026 15:00,22-01-2026 20:00
57,344,Campus News Title 57,This is the description for campus news article number 57.,https://example.com/news/image_57.jpg,https://example.com/news/57,published,06-02-2026 10:00,26-02-2026 13:00,26-02-2026 15:00
58,417,Campus News Title 58,This is the description for campus news article number 58.,https://example.com/news/image_58.jpg,https://example.com/news/58,draft,16-01-2026 15:00,20-02-2026 12:00,20-02-2026 17:00
59,90,Campus News Title 59,This is the description for campus news article number 59.,https://example.com/news/image_59.jpg,https://example.com/news/59,rejected,08-01-2026 15:00,17-02-2026 11:00,17-02-2026 12:00
60,740,Campus News Title 60,This is the description for campus news article number 60.,https://example.com/news/image_60.jpg,https://example.com/news/60,published,07-02-2026 14:00,27-01-2026 09:00,27-01-2026 10:00
61,242,Campus News Title 61,This is the description for campus news article number 61.,https://example.com/news/image_61.jpg,https://example.com/news/61,pending,04-02-2026 13:00,26-02-2026 16:00,26-02-2026 18:00
62,231,Campus News Title 62,This is the description for campus news article number 62.,https://example.com/news/image_62.jpg,https://example.com/news/62,rejected,09-02-2026 10:00,29-01-2026 11:00,29-01-2026 12:00
63,583,Campus News Title 63,This is the description for campus news article number 63.,https://example.com/news/image_63.jpg,https://example.com/news/63,pending,29-01-2026 15:00,10-02-2026 15:00,10-02-2026 19:00
64,565,Campus News Title 64,This is the description for campus news article number 64.,https://example.com/news/image_64.jpg,https://example.com/news/64,pending,25-01-2026 13:00,12-02-2026 13:00,12-02-2026 15:00
65,104,Campus News Title 65,This is the description for campus news article number 65.,https://example.com/news/image_65.jpg,https://example.com/news/65,draft,23-01-2026 13:00,14-02-2026 14:00,14-02-2026 19:00
66,951,Campus News Title 66,This is the description for campus news article number 66.,https://example.com/news/image_66.jpg,https://example.com/news/66,rejected,03-01-2026 09:00,21-01-2026 14:00,21-01-2026 17:00
67,553,Campus News Title 67,This is the description for campus news article number 67.,https://example.com/news/image_67.jpg,https://example.com/news/67,pending,01-02-2026 16:00,02-01-2026 10:00,02-01-2026 12:00
68,714,Campus News Title 68,This is the description for campus news article number 68.,https://example.com/news/image_68.jpg,https://example.com/news/68,draft,23-01-2026 17:00,14-01-2026 15:00,14-01-2026 17:00
69,936,Campus News Title 69,This is the description for campus news article number 69.,https://example.com/news/image_69.jpg,https://example.com/news/69,pending,17-01-2026 11:00,13-01-2026 15:00,13-01-2026 17:00
70,416,Campus News Title 70,This is the description for campus news article number 70.,https://example.com/news/image_70.jpg,https://example.com/news/70,draft,21-01-2026 12:00,24-02-2026 15:00,24-02-2026 17:00
71,583,Campus News Title 71,This is the description for campus news article number 71.,https://example.com/news/image_71.jpg,https://example.com/news/71,pending,21-01-2026 11:00,28-02-2026 12:00,28-02-2026 15:00
72,59,Campus News Title 72,This is the description for campus news article number 72.,https://example.com/news/image_72.jpg,https://example.com/news/72,draft,07-02-2026 11:00,29-01-2026 13:00,29-01-2026 17:00
73,238,Campus News Title 73,This is the description for campus news article number 73.,https://example.com/news/image_73.jpg,https://example.com/news/73,published,07-01-2026 10:00,20-01-2026 15:00,20-01-2026 18:00
74,849,Campus News Title 74,This is the description for campus news article number 74.,https://example.com/news/image_74.jpg,https://example.com/news/74,published,27-02-2026 11:00,22-02-2026 16:00,22-02-2026 17:00
75,823,Campus News Title 75,This is the description for campus news article number 75.,https://example.com/news/image_75.jpg,https://example.com/news/75,rejected,26-02-2026 13:00,06-01-2026 15:00,06-01-2026 17:00
76,149,Campus News Title 76,This is the description for campus news article number 76.,https://example.com/news/image_76.jpg,https://example.com/news/76,rejected,08-02-2026 17:00,31-01-2026 15:00,31-01-2026 20:00
77,775,Campus News Title 77,This is the description for campus news article number 77.,https://example.com/news/image_77.jpg,https://example.com/news/77,draft,01-01-2026 14:00,02-02-2026 11:00,02-02-2026 16:00
78,193,Campus News Title 78,This is the description for campus news article number 78.,https://example.com/news/image_78.jpg,https://example.com/news/78,draft,28-01-2026 13:00,11-02-2026 14:00,11-02-2026 19:00
79,860,Campus News Title 79,This is the description for campus news article number 79.,https://example.com/news/image_79.jpg,https://example.com/news/79,published,24-01-2026 13:00,04-02-2026 15:00,04-02-2026 16:00
80,644,Campus News Title 80,This is the description for campus news article number 80.,https://example.com/news/image_80.jpg,https://example.com/news/80,published,03-02-2026 14:00,17-01-2026 10:00,17-01-2026 15:00
81,932,Campus News Title 81,This is the description for campus news article number 81.,https://example.com/news/image_81.jpg,https://example.com/news/81,pending,09-02-2026 17:00,03-01-2026 15:00,03-01-2026 19:00
82,446,Campus News Title 82,This is the description for campus news article number 82.,https://example.com/news/image_82.jpg,https://example.com/news/82,pending,15-02-2026 13:00,05-01-2026 14:00,05-01-2026 16:00
83,201,Campus News Title 83,This is the description for campus news article number 83.,https://example.com/news/image_83.jpg,https://example.com/news/83,rejected,23-02-2026 11:00,10-02-2026 15:00,10-02-2026 16:00
84,554,Campus News Title 84,This is the description for campus news article number 84.,https://example.com/news/image_84.jpg,https://example.com/news/84,published,15-02-2026 14:00,27-01-2026 17:00,27-01-2026 20:00
85,671,Campus News Title 85,This is the description for campus news article number 85.,https://example.com/news/image_85.jpg,https://example.com/news/85,rejected,12-02-2026 15:00,07-02-2026 14:00,07-02-2026 19:00
86,99,Campus News Title 86,This is the description for campus news article number 86.,https://example.com/news/image_86.jpg,https://example.com/news/86,pending,24-01-2026 10:00,31-01-2026 14:00,31-01-2026 15:00
87,332,Campus News Title 87,This is the description for campus news article number 87.,https://example.com/news/image_87.jpg,https://example.com/news/87,published,14-02-2026 17:00,07-01-2026 16:00,07-01-2026 18:00
88,504,Campus News Title 88,This is the description for campus news article number 88.,https://example.com/news/image_88.jpg,https://example.com/news/88,draft,14-02-2026 15:00,13-01-2026 15:00,13-01-2026 16:00
89,835,Campus News Title 89,This is the description for campus news article number 89.,https://example.com/news/image_89.jpg,https://example.com/news/89,rejected,21-01-2026 12:00,29-01-2026 10:00,29-01-2026 11:00
90,206,Campus News Title 90,This is the description for campus news article number 90.,https://example.com/news/image_90.jpg,https://example.com/news/90,draft,13-01-2026 15:00,05-01-2026 16:00,05-01-2026 16:00
91,623,Campus News Title 91,This is the description for campus news article number 91.,https://example.com/news/image_91.jpg,https://example.com/news/91,published,02-01-2026 11:00,05-01-2026 14:00,05-01-2026 14:00
92,259,Campus News Title 92,This is the description for campus news article number 92.,https://example.com/news/image_92.jpg,https://example.com/news/92,rejected,04-02-2026 16:00,07-01-2026 12:00,07-01-2026 15:00
93,405,Campus News Title 93,This is the description for campus news article number 93.,https://example.com/news/image_93.jpg,https://example.com/news/93,pending,27-02-2026 13:00,26-01-2026 14:00,26-01-2026 16:00
94,947,Campus News Title 94,This is the description for campus news article number 94.,https://example.com/news/image_94.jpg,https://example.com/news/94,rejected,02-03-2026 17:00,28-01-2026 17:00,28-01-2026 17:00
95,109,Campus News Title 95,This is the description for campus news article number 95.,https://example.com/news/image_95.jpg,https://example.com/news/95,pending,17-02-2026 09:00,04-02-2026 11:00,04-02-2026 16:00
96,283,Campus News Title 96,This is the description for campus news article number 96.,https://example.com/news/image_96.jpg,https://example.com/news/96,pending,14-02-2026 17:00,01-01-2026 17:00,01-01-2026 17:00
97,207,Campus News Title 97,This is the description for campus news article number 97.,https://example.com/news/image_97.jpg,https://example.com/news/97,pending,02-03-2026 15:00,28-01-2026 12:00,28-01-2026 17:00
98,259,Campus News Title 98,This is the description for campus news article number 98.,https://example.com/news/image_98.jpg,https://example.com/news/98,published,26-01-2026 13:00,03-02-2026 11:00,03-02-2026 12:00
99,2,Campus News Title 99,This is the description for campus news article number 99.,https://example.com/news/image_99.jpg,https://example.com/news/99,pending,04-02-2026 10:00,12-02-2026 12:00,12-02-2026 14:00
100,925,Campus News Title 100,This is the description for campus news article number 100.,https://example.com/news/image_100.jpg,https://example.com/news/100,rejected,10-02-2026 10:00,24-02-2026 11:00,24-02-2026 14:00
,,,,,,,,,
,,,,,,,,,
,,,,,,,,,
,,,,,,,,,
,,,,,,,,,
,,,,,,,,,
,,,,,,,,,
,,,,,,,,,
,,,,,,,,,
,,,,,,,,,
,,,,,,,,,
,,,,,,,,,
,,,,,,,,,
,609,,,,,,,,
,78,,,,,,,,
,926,,,,,,,,
,286,,,,,,,,
,159,,,,,,,,
,524,,,,,,,,
,355,,,,,,,,
,840,,,,,,,,
,127,,,,,,,,
,339,,,,,,,,
,144,,,,,,,,
,61,,,,,,,,
,462,,,,,,,,
,758,,,,,,,,
,734,,,,,,,,
,107,,,,,,,,
,367,,,,,,,,
,451,,,,,,,,
,507,,,,,,,,
,211,,,,,,,,
,931,,,,,,,,
,286,,,,,,,,
,526,,,,,,,,
,351,,,,,,,,
,736,,,,,,,,
,93,,,,,,,,
,455,,,,,,,,
,576,,,,,,,,
,236,,,,,,,,
,764,,,,,,,,
,414,,,,,,,,
,112,,,,,,,,
,243,,,,,,,,
,607,,,,,,,,
,228,,,,,,,,
,834,,,,,,,,
,392,,,,,,,,
,873,,,,,,,,
,391,,,,,,,,
,644,,,,,,,,
,649,,,,,,,,
,452,,,,,,,,
,756,,,,,,,,
,911,,,,,,,,
,628,,,,,,,,
,428,,,,,,,,
,646,,,,,,,,
,335,,,,,,,,
,415,,,,,,,,
,759,,,,,,,,
,52,,,,,,,,
,463,,,,,,,,
,459,,,,,,,,
,174,,,,,,,,
,269,,,,,,,,
,473,,,,,,,,
,454,,,,,,,,
,228,,,,,,,,
,994,,,,,,,,
,516,,,,,,,,
,846,,,,,,,,
,830,,,,,,,,
,528,,,,,,,,
,142,,,,,,,,
,511,,,,,,,,
,190,,,,,,,,
,973,,,,,,,,
,868,,,,,,,,
,267,,,,,,,,
,703,,,,,,,,
,725,,,,,,,,
,280,,,,,,,,
,233,,,,,,,,
,585,,,,,,,,
,945,,,,,,,,
,662,,,,,,,,
,29,,,,,,,,
,667,,,,,,,,
,766,,,,,,,,
,655,,,,,,,,
,896,,,,,,,,
,16,,,,,,,,
,494,,,,,,,,
,393,,,,,,,,
,689,,,,,,,,
,664,,,,,,,,
,381,,,,,,,,
,544,,,,,,,,
,140,,,,,,,,
,472,,,,,,,,
,350,,,,,,,,
,882,,,,,,,,
,200,,,,,,,,
,54,,,,,,,,
,367,,,,,,,,
,117,,,,,,,,
,766,,,,,,,,
,204,,,,,,,,
,737,,,,,,,,
,711,,,,,,,,
,336,,,,,,,,
,104,,,,,,,,
,884,,,,,,,,
,12,,,,,,,,
,281,,,,,,,,
,603,,,,,,,,
,655,,,,,,,,
,631,,,,,,,,
,140,,,,,,,,
,772,,,,,,,,
,971,,,,,,,,
,630,,,,,,,,
,494,,,,,,,,
,180,,,,,,,,
,90,,,,,,,,
,781,,,,,,,,
,176,,,,,,,,
,968,,,,,,,,
,785,,,,,,,,
,28,,,,,,,,
,951,,,,,,,,
,255,,,,,,,,
,471,,,,,,,,
,670,,,,,,,,
,930,,,,,,,,
,24,,,,,,,,
,557,,,,,,,,
,891,,,,,,,,
,155,,,,,,,,
,72,,,,,,,,
,114,,,,,,,,
,232,,,,,,,,
,88,,,,,,,,
,349,,,,,,,,
,238,,,,,,,,
,249,,,,,,,,
,529,,,,,,,,
,883,,,,,,,,
,239,,,,,,,,
,904,,,,,,,,
,241,,,,,,,,
,672,,,,,,,,
,891,,,,,,,,
,360,,,,,,,,
,121,,,,,,,,
,411,,,,,,,,
,721,,,,,,,,
,570,,,,,,,,
,213,,,,,,,,
,194,,,,,,,,
,159,,,,,,,,
,248,,,,,,,,
,653,,,,,,,,
,231,,,,,,,,
,928,,,,,,,,
,361,,,,,,,,
,943,,,,,,,,
,56,,,,,,,,
,36,,,,,,,,
,429,,,,,,,,
,719,,,,,,,,
,984,,,,,,,,
,487,,,,,,,,
,945,,,,,,,,
,632,,,,,,,,
,624,,,,,,,,
,88,,,,,,,,
,937,,,,,,,,
,853,,,,,,,,
,275,,,,,,,,
,818,,,,,,,,
,77,,,,,,,,
,366,,,,,,,,
,369,,,,,,,,
,927,,,,,,,,
,625,,,,,,,,
,303,,,,,,,,
,128,,,,,,,,
,308,,,,,,,,
,995,,,,,,,,
,401,,,,,,,,
,338,,,,,,,,
,485,,,,,,,,
,692,,,,,,,,
,642,,,,,,,,
,902,,,,,,,,
,683,,,,,,,,
,674,,,,,,,,
,635,,,,,,,,
,317,,,,,,,,
,806,,,,,,,,
,203,,,,,,,,
,924,,,,,,,,
,5,,,,,,,,
,430,,,,,,,,
,665,,,,,,,,
,585,,,,,,,,
,469,,,,,,,,
,728,,,,,,,,
,331,,,,,,,,
,790,,,,,,,,
,999,,,,,,,,
,867,,,,,,,,
,846,,,,,,,,
,651,,,,,,,,
,639,,,,,,,,
,120,,,,,,,,
,326,,,,,,,,
,11,,,,,,,,
,83,,,,,,,,
,474,,,,,,,,
,918,,,,,,,,
,989,,,,,,,,
,915,,,,,,,,
,737,,,,,,,,
,562,,,,,,,,
,900,,,,,,,,
,389,,,,,,,,
,478,,,,,,,,
,793,,,,,,,,
,335,,,,,,,,
,120,,,,,,,,
,586,,,,,,,,
,15,,,,,,,,
,383,,,,,,,,
,151,,,,,,,,
,197,,,,,,,,
,113,,,,,,,,
,63,,,,,,,,
,746,,,,,,,,
,340,,,,,,,,
,53,,,,,,,,
,517,,,,,,,,
,995,,,,,,,,
,290,,,,,,,,
,241,,,,,,,,
,998,,,,,,,,
,892,,,,,,,,
,635,,,,,,,,
,914,,,,,,,,
,666,,,,,,,,
,268,,,,,,,,
,385,,,,,,,,
,679,,,,,,,,
,213,,,,,,,,
,45,,,,,,,,
,731,,,,,,,,
,218,,,,,,,,
,463,,,,,,,,
,478,,,,,,,,
,132,,,,,,,,
,836,,,,,,,,
,415,,,,,,,,
,996,,,,,,,,
,973,,,,,,,,
,533,,,,,,,,
,9,,,,,,,,
,56,,,,,,,,
,164,,,,,,,,
,155,,,,,,,,
,919,,,,,,,,
,131,,,,,,,,
,206,,,,,,,,
,590,,,,,,,,
,777,,,,,,,,
,795,,,,,,,,
,652,,,,,,,,
,727,,,,,,,,
,659,,,,,,,,
,588,,,,,,,,
,453,,,,,,,,
,44,,,,,,,,
,543,,,,,,,,
,230,,,,,,,,
,489,,,,,,,,
,925,,,,,,,,
,926,,,,,,,,
,827,,,,,,,,
,29,,,,,,,,
,135,,,,,,,,
,504,,,,,,,,
,213,,,,,,,,
,411,,,,,,,,
,822,,,,,,,,
,625,,,,,,,,
,165,,,,,,,,
,765,,,,,,,,
,225,,,,,,,,
,384,,,,,,,,
,551,,,,,,,,
,986,,,,,,,,
,492,,,,,,,,
,405,,,,,,,,
,974,,,,,,,,
,122,,,,,,,,
,432,,,,,,,,
,887,,,,,,,,
,451,,,,,,,,
,231,,,,,,,,
,498,,,,,,,,
,337,,,,,,,,
,114,,,,,,,,
,190,,,,,,,,
,298,,,,,,,,
,543,,,,,,,,
,874,,,,,,,,
,54,,,,,,,,
,760,,,,,,,,
,815,,,,,,,,
,102,,,,,,,,
,93,,,,,,,,
,839,,,,,,,,
,270,,,,,,,,
,349,,,,,,,,
,521,,,,,,,,
,795,,,,,,,,
,605,,,,,,,,
,199,,,,,,,,
,660,,,,,,,,
,652,,,,,,,,
,59,,,,,,,,
,758,,,,,,,,
,240,,,,,,,,
,191,,,,,,,,
,607,,,,,,,,
,585,,,,,,,,
,782,,,,,,,,
,214,,,,,,,,
,940,,,,,,,,
,627,,,,,,,,
,777,,,,,,,,
,505,,,,,,,,
,607,,,,,,,,
,720,,,,,,,,
,226,,,,,,,,
,18,,,,,,,,
,283,,,,,,,,
,741,,,,,,,,
,843,,,,,,,,
,391,,,,,,,,
,28,,,,,,,,
,754,,,,,,,,
,385,,,,,,,,
,28,,,,,,,,
,942,,,,,,,,
,402,,,,,,,,
,901,,,,,,,,
,424,,,,,,,,
,573,,,,,,,,
,799,,,,,,,,
,863,,,,,,,,
,470,,,,,,,,
,1,,,,,,,,
,326,,,,,,,,
,228,,,,,,,,
,55,,,,,,,,
,665,,,,,,,,
,361,,,,,,,,
,376,,,,,,,,
,985,,,,,,,,
,924,,,,,,,,
,113,,,,,,,,
,272,,,,,,,,
,527,,,,,,,,
,240,,,,,,,,
,907,,,,,,,,
,15,,,,,,,,
,584,,,,,,,,
,211,,,,,,,,
,758,,,,,,,,
,548,,,,,,,,
,919,,,,,,,,
,565,,,,,,,,
,688,,,,,,,,
,377,,,,,,,,
,741,,,,,,,,
,447,,,,,,,,
,251,,,,,,,,
,391,,,,,,,,
,675,,,,,,,,
,415,,,,,,,,
,110,,,,,,,,
,985,,,,,,,,
,565,,,,,,,,
,719,,,,,,,,
,900,,,,,,,,
,179,,,,,,,,
,133,,,,,,,,
,98,,,,,,,,
,529,,,,,,,,
,444,,,,,,,,
,816,,,,,,,,
,106,,,,,,,,
,874,,,,,,,,
,736,,,,,,,,
,220,,,,,,,,
,725,,,,,,,,
,422,,,,,,,,
,953,,,,,,,,
,686,,,,,,,,
,926,,,,,,,,
,575,,,,,,,,
,322,,,,,,,,
,337,,,,,,,,
,895,,,,,,,,
,569,,,,,,,,
,716,,,,,,,,
,463,,,,,,,,
,421,,,,,,,,
,992,,,,,,,,
,115,,,,,,,,
,401,,,,,,,,
,177,,,,,,,,
,430,,,,,,,,
,645,,,,,,,,
,910,,,,,,,,
,138,,,,,,,,
,711,,,,,,,,
,581,,,,,,,,
,364,,,,,,,,
,693,,,,,,,,
,993,,,,,,,,
,358,,,,,,,,
,539,,,,,,,,
,48,,,,,,,,
,680,,,,,,,,
,481,,,,,,,,
,665,,,,,,,,
,662,,,,,,,,
,54,,,,,,,,
,323,,,,,,,,
,851,,,,,,,,
,372,,,,,,,,
,669,,,,,,,,
,792,,,,,,,,
,988,,,,,,,,
,653,,,,,,,,
,648,,,,,,,,
,54,,,,,,,,
,612,,,,,,,,
,605,,,,,,,,
,127,,,,,,,,
,417,,,,,,,,
,155,,,,,,,,
,173,,,,,,,,
,862,,,,,,,,
,516,,,,,,,,
,298,,,,,,,,
,910,,,,,,,,
,21,,,,,,,,
,426,,,,,,,,
,555,,,,,,,,
,847,,,,,,,,
,714,,,,,,,,
,141,,,,,,,,
,500,,,,,,,,
,731,,,,,,,,
,699,,,,,,,,
,191,,,,,,,,
,287,,,,,,,,
,75,,,,,,,,
,275,,,,,,,,
,601,,,,,,,,
,798,,,,,,,,
,967,,,,,,,,
,715,,,,,,,,
,866,,,,,,,,
,796,,,,,,,,
,443,,,,,,,,
,407,,,,,,,,
,655,,,,,,,,
,457,,,,,,,,
,112,,,,,,,,
,95,,,,,,,,
,988,,,,,,,,
,66,,,,,,,,
,444,,,,,,,,
,185,,,,,,,,
,209,,,,,,,,
,626,,,,,,,,
,150,,,,,,,,
,645,,,,,,,,
,936,,,,,,,,
,479,,,,,,,,
,178,,,,,,,,
,876,,,,,,,,
,525,,,,,,,,
,890,,,,,,,,
,466,,,,,,,,
,638,,,,,,,,
,819,,,,,,,,
,284,,,,,,,,
,709,,,,,,,,
,974,,,,,,,,
,681,,,,,,,,
,598,,,,,,,,
,951,,,,,,,,
,334,,,,,,,,
,834,,,,,,,,
,534,,,,,,,,
,753,,,,,,,,
,689,,,,,,,,
,273,,,,,,,,
,747,,,,,,,,
,852,,,,,,,,
,582,,,,,,,,
,869,,,,,,,,
,437,,,,,,,,
,663,,,,,,,,
,617,,,,,,,,
,974,,,,,,,,
,92,,,,,,,,
,797,,,,,,,,
,573,,,,,,,,
,962,,,,,,,,
,845,,,,,,,,
,192,,,,,,,,
,407,,,,,,,,
,332,,,,,,,,
,386,,,,,,,,
,505,,,,,,,,
,135,,,,,,,,
,636,,,,,,,,
,145,,,,,,,,
,976,,,,,,,,
,972,,,,,,,,
,488,,,,,,,,
,532,,,,,,,,
,640,,,,,,,,
,245,,,,,,,,
,689,,,,,,,,
,698,,,,,,,,
,106,,,,,,,,
,99,,,,,,,,
,372,,,,,,,,
,854,,,,,,,,
,634,,,,,,,,
,170,,,,,,,,
,898,,,,,,,,
,444,,,,,,,,
,663,,,,,,,,
,813,,,,,,,,
,255,,,,,,,,
,389,,,,,,,,
,476,,,,,,,,
,586,,,,,,,,
,287,,,,,,,,
,754,,,,,,,,
,510,,,,,,,,
,229,,,,,,,,
,819,,,,,,,,
,290,,,,,,,,
,370,,,,,,,,
,564,,,,,,,,
,911,,,,,,,,
,660,,,,,,,,
,745,,,,,,,,
,540,,,,,,,,
,891,,,,,,,,
,20,,,,,,,,
,36,,,,,,,,
,575,,,,,,,,
,441,,,,,,,,
,472,,,,,,,,
,532,,,,,,,,
,373,,,,,,,,
,96,,,,,,,,
,341,,,,,,,,
,718,,,,,,,,
,517,,,,,,,,
,677,,,,,,,,
,774,,,,,,,,
,280,,,,,,,,
,257,,,,,,,,
,185,,,,,,,,
,710,,,,,,,,
,509,,,,,,,,
,129,,,,,,,,
,549,,,,,,,,
,521,,,,,,,,
,442,,,,,,,,
,343,,,,,,,,
,336,,,,,,,,
,263,,,,,,,,
,395,,,,,,,,
,357,,,,,,,,
,712,,,,,,,,
,386,,,,,,,,
,408,,,,,,,,
,426,,,,,,,,
,309,,,,,,,,
,654,,,,,,,,
,186,,,,,,,,
,969,,,,,,,,
,889,,,,,,,,
,168,,,,,,,,
,392,,,,,,,,
,179,,,,,,,,
,168,,,,,,,,
,84,,,,,,,,
,900,,,,,,,,
,329,,,,,,,,
,729,,,,,,,,
,353,,,,,,,,
,749,,,,,,,,
,384,,,,,,,,
,261,,,,,,,,
,398,,,,,,,,
,776,,,,,,,,
,45,,,,,,,,
,232,,,,,,,,
,924,,,,,,,,
,379,,,,,,,,
,946,,,,,,,,
,590,,,,,,,,
,646,,,,,,,,
,534,,,,,,,,
,653,,,,,,,,
,744,,,,,,,,
,37,,,,,,,,
,218,,,,,,,,
,698,,,,,,,,
,154,,,,,,,,
,319,,,,,,,,
,390,,,,,,,,
,440,,,,,,,,
,880,,,,,,,,
,354,,,,,,,,
,237,,,,,,,,
,559,,,,,,,,
,358,,,,,,,,
,675,,,,,,,,
,67,,,,,,,,
,417,,,,,,,,
,872,,,,,,,,
,753,,,,,,,,
,282,,,,,,,,
,682,,,,,,,,
,811,,,,,,,,
,82,,,,,,,,
,662,,,,,,,,
,387,,,,,,,,
,66,,,,,,,,
,533,,,,,,,,
,406,,,,,,,,
,848,,,,,,,,
,162,,,,,,,,
,698,,,,,,,,
,272,,,,,,,,
,425,,,,,,,,
,970,,,,,,,,
,322,,,,,,,,
,14,,,,,,,,
,497,,,,,,,,
,51,,,,,,,,
,619,,,,,,,,
,438,,,,,,,,
,880,,,,,,,,
,711,,,,,,,,
,762,,,,,,,,
,501,,,,,,,,
,418,,,,,,,,
,399,,,,,,,,
,282,,,,,,,,
,765,,,,,,,,
,496,,,,,,,,
,174,,,,,,,,
,960,,,,,,,,
,163,,,,,,,,
,673,,,,,,,,
,712,,,,,,,,
,51,,,,,,,,
,889,,,,,,,,
,998,,,,,,,,
,754,,,,,,,,
,931,,,,,,,,
,363,,,,,,,,
,611,,,,,,,,
,665,,,,,,,,
,79,,,,,,,,
,552,,,,,,,,
,929,,,,,,,,
,202,,,,,,,,
,69,,,,,,,,
,138,,,,,,,,
,777,,,,,,,,
,489,,,,,,,,
,1,,,,,,,,
,743,,,,,,,,
,530,,,,,,,,
,23,,,,,,,,
,317,,,,,,,,
,786,,,,,,,,
,407,,,,,,,,
,28,,,,,,,,
,195,,,,,,,,
,992,,,,,,,,
,37,,,,,,,,
,481,,,,,,,,
,523,,,,,,,,
,645,,,,,,,,
,612,,,,,,,,
,933,,,,,,,,
,985,,,,,,,,
,9,,,,,,,,
,399,,,,,,,,
,464,,,,,,,,
,13,,,,,,,,
,634,,,,,,,,
,812,,,,,,,,
,270,,,,,,,,
,550,,,,,,,,
,225,,,,,,,,
,670,,,,,,,,
,838,,,,,,,,
,566,,,,,,,,
,965,,,,,,,,
,428,,,,,,,,
,285,,,,,,,,
,55,,,,,,,,
,566,,,,,,,,
,512,,,,,,,,
,978,,,,,,,,
,776,,,,,,,,
,38,,,,,,,,
,889,,,,,,,,
,636,,,,,,,,
,227,,,,,,,,
,868,,,,,,,,
,978,,,,,,,,
,517,,,,,,,,
,954,,,,,,,,
,415,,,,,,,,
,35,,,,,,,,
,319,,,,,,,,
,241,,,,,,,,
,527,,,,,,,,
,546,,,,,,,,
,496,,,,,,,,
,974,,,,,,,,
,833,,,,,,,,
,686,,,,,,,,
,331,,,,,,,,
,772,,,,,,,,
,100,,,,,,,,
,873,,,,,,,,
,485,,,,,,,,
,297,,,,,,,,
,432,,,,,,,,
,272,,,,,,,,
,244,,,,,,,,
,654,,,,,,,,
,773,,,,,,,,
,350,,,,,,,,
,71,,,,,,,,
,685,,,,,,,,
,170,,,,,,,,
,931,,,,,,,,
,908,,,,,,,,
,224,,,,,,,,
,826,,,,,,,,
,523,,,,,,,,
,630,,,,,,,,
,111,,,,,,,,
,105,,,,,,,,
,616,,,,,,,,
,381,,,,,,,,
,670,,,,,,,,
,328,,,,,,,,
,54,,,,,,,,
,920,,,,,,,,
,733,,,,,,,,
,840,,,,,,,,
,592,,,,,,,,
,997,,,,,,,,
,171,,,,,,,,
,395,,,,,,,,
,243,,,,,,,,
,264,,,,,,,,
,492,,,,,,,,
,577,,,,,,,,
,515,,,,,,,,
,966,,,,,,,,
,23,,,,,,,,
,13,,,,,,,,
,64,,,,,,,,
,262,,,,,,,,
,570,,,,,,,,
,235,,,,,,,,
,185,,,,,,,,
,901,,,,,,,,
,115,,,,,,,,
,82,,,,,,,,
,771,,,,,,,,
,463,,,,,,,,
,133,,,,,,,,
,222,,,,,,,,
,62,,,,,,,,
,772,,,,,,,,
,80,,,,,,,,
,588,,,,,,,,
,941,,,,,,,,
,936,,,,,,,,
,640,,,,,,,,
,563,,,,,,,,
,674,,,,,,,,
,277,,,,,,,,
,744,,,,,,,,
,261,,,,,,,,
,77,,,,,,,,
,521,,,,,,,,
,212,,,,,,,,
,167,,,,,,,,
,577,,,,,,,,
,124,,,,,,,,
,658,,,,,,,,
,198,,,,,,,,
,544,,,,,,,,
,762,,,,,,,,
,388,,,,,,,,
,179,,,,,,,,
,54,,,,,,,,
,207,,,,,,,,
,54,,,,,,,,
,196,,,,,,,,
,409,,,,,,,,
,451,,,,,,,,
,502,,,,,,,,
,11,,,,,,,,
,552,,,,,,,,
,387,,,,,,,,
,741,,,,,,,,
,441,,,,,,,,
,113,,,,,,,,
,843,,,,,,,,
,67,,,,,,,,
,808,,,,,,,,
,594,,,,,,,,
,976,,,,,,,,
,50,,,,,,,,
,13,,,,,,,,
,488,,,,,,,,
,619,,,,,,,,
,777,,,,,,,,
,222,,,,,,,,
,544,,,,,,,,
,650,,,,,,,,
,14,,,,,,,,
,404,,,,,,,,
,855,,,,,,,,
,767,,,,,,,,
,936,,,,,,,,
,500,,,,,,,,
,494,,,,,,,,
,607,,,,,,,,
,120,,,,,,,,
,47,,,,,,,,
,645,,,,,,,,
,572,,,,,,,,
,319,,,,,,,,
,786,,,,,,,,
,411,,,,,,,,
,865,,,,,,,,
,816,,,,,,,,
,230,,,,,,,,
,759,,,,,,,,
,136,,,,,,,,
,171,,,,,,,,
,849,,,,,,,,
,32,,,,,,,,
,161,,,,,,,,
,965,,,,,,,,
,504,,,,,,,,
,17,,,,,,,,
,450,,,,,,,,
,816,,,,,,,,
,589,,,,,,,,
,645,,,,,,,,
,774,,,,,,,,
,27,,,,,,,,
,510,,,,,,,,
,310,,,,,,,,
,733,,,,,,,,
,101,,,,,,,,
,606,,,,,,,,
,620,,,,,,,,
