user_id,college_id,name,email,phone_number,college_name,signup_date,updated_at,status
1,158,Sneha Singh,sneha1@gmail.com,9967414785,ABC College,18-01-2023,03-02-2023,Inactive
2,153,Amit Verma,amit2@gmail.com,9632341726,XYZ College,04-04-2024,16-05-2024,Inactive
3,113,Priya Khan,priya3@gmail.com,9564566906,ABC College,28-03-2024,27-05-2024,Inactive
4,189,Amit Gupta,amit4@gmail.com,9658340847,PQR Institute,23-12-2024,15-02-2025,Active
5,200,Anjali Khan,anjali5@gmail.com,9533732985,PQR Institute,17-05-2024,20-05-2024,Active
6,192,Sneha Joshi,sneha6@gmail.com,9241213851,XYZ College,29-08-2024,14-10-2024,Inactive
7,127,Sneha Gupta,sneha7@gmail.com,9175883078,LMN University,13-06-2023,04-07-2023,Inactive
8,160,Sneha Gupta,sneha8@gmail.com,9164146113,PQR Institute,26-04-2024,22-05-2024,Active
9,190,Neha Joshi,neha9@gmail.com,9680849712,ABC College,17-02-2024,20-02-2024,Inactive
10,176,Vikram Singh,vikram10@gmail.com,9274137305,XYZ College,05-09-2024,07-09-2024,Inactive
11,178,Vikram Sharma,vikram11@gmail.com,9524913853,XYZ College,02-02-2023,09-03-2023,Active
12,174,Priya Sharma,priya12@gmail.com,9288284885,ABC College,16-08-2023,08-09-2023,Active
13,113,Sneha Sharma,sneha13@gmail.com,9968628609,ABC College,11-12-2024,21-12-2024,Inactive
14,138,Rahul Joshi,rahul14@gmail.com,9862065664,ABC College,13-09-2024,01-11-2024,Active
15,191,Vikram Joshi,vikram15@gmail.com,9678284840,PQR Institute,30-03-2023,01-05-2023,Inactive
16,157,Amit Patil,amit16@gmail.com,9795313717,XYZ College,11-09-2023,27-10-2023,Active
17,185,Sneha Sharma,sneha17@gmail.com,9906569315,XYZ College,21-03-2024,11-04-2024,Active
18,143,Amit Sharma,amit18@gmail.com,9748659544,PQR Institute,25-11-2023,22-01-2024,Inactive
19,197,Priya Joshi,priya19@gmail.com,9006119037,XYZ College,03-02-2023,08-03-2023,Inactive
20,106,Rohan Verma,rohan20@gmail.com,9640021961,XYZ College,30-11-2023,19-01-2024,Active
21,114,Neha Patil,neha21@gmail.com,9865521746,XYZ College,05-08-2023,29-09-2023,Active
22,163,Anjali Gupta,anjali22@gmail.com,9830631296,LMN University,02-08-2024,28-08-2024,Active
23,163,Anjali Joshi,anjali23@gmail.com,9823897794,PQR Institute,15-12-2023,02-01-2024,Inactive
24,104,Rohan Verma,rohan24@gmail.com,9370891354,PQR Institute,23-08-2023,02-10-2023,Active
25,165,Vikram Sharma,vikram25@gmail.com,9487681777,PQR Institute,06-12-2023,30-01-2024,Active
26,127,Amit Patil,amit26@gmail.com,9581324611,PQR Institute,01-08-2023,01-08-2023,Active
27,185,Amit Gupta,amit27@gmail.com,9617511246,XYZ College,31-03-2024,19-05-2024,Active
28,183,Vikram Verma,vikram28@gmail.com,9304371956,ABC College,15-06-2024,05-07-2024,Inactive
29,135,Priya Singh,priya29@gmail.com,9968378770,ABC College,11-01-2024,28-02-2024,Active
30,189,Rohan Gupta,rohan30@gmail.com,9094909665,PQR Institute,24-12-2023,26-01-2024,Active
31,163,Sneha Gupta,sneha31@gmail.com,9845035557,LMN University,08-06-2023,28-07-2023,Active
32,169,Rahul Sharma,rahul32@gmail.com,9814727988,LMN University,27-04-2023,09-06-2023,Active
33,189,Vikram Khan,vikram33@gmail.com,9794554491,ABC College,26-07-2023,23-08-2023,Active
34,189,Neha Singh,neha34@gmail.com,9321272145,XYZ College,28-02-2023,07-04-2023,Inactive
35,156,Anjali Singh,anjali35@gmail.com,9658298168,LMN University,19-06-2023,05-08-2023,Inactive
36,144,Rohan Singh,rohan36@gmail.com,9565140092,PQR Institute,09-10-2024,10-11-2024,Active
37,164,Rahul Gupta,rahul37@gmail.com,9627059493,LMN University,08-08-2024,10-09-2024,Active
38,103,Rohan Singh,rohan38@gmail.com,9113799650,LMN University,11-06-2023,17-06-2023,Active
39,163,Vikram Verma,vikram39@gmail.com,9389898714,ABC College,30-06-2023,20-08-2023,Inactive
40,194,Rohan Gupta,rohan40@gmail.com,9461688432,XYZ College,06-03-2024,12-04-2024,Active
41,178,Vikram Khan,vikram41@gmail.com,9172218643,ABC College,12-01-2024,13-01-2024,Active
42,185,Sneha Joshi,sneha42@gmail.com,9161644362,ABC College,10-01-2023,04-02-2023,Inactive
43,173,Sneha Gupta,sneha43@gmail.com,9853245697,PQR Institute,01-08-2023,16-09-2023,Active
44,107,Rohan Khan,rohan44@gmail.com,9463305685,PQR Institute,08-03-2024,24-04-2024,Active
45,101,Sneha Sharma,sneha45@gmail.com,9429653641,PQR Institute,22-06-2023,06-07-2023,Inactive
46,124,Neha Verma,neha46@gmail.com,9954770561,LMN University,30-12-2024,06-01-2025,Inactive
47,116,Anjali Patil,anjali47@gmail.com,9556591537,ABC College,02-02-2024,27-02-2024,Active
48,195,Rahul Singh,rahul48@gmail.com,9328589330,XYZ College,06-06-2024,20-07-2024,Active
49,155,Amit Patil,amit49@gmail.com,9895144791,ABC College,18-06-2024,06-08-2024,Inactive
50,195,Neha Patil,neha50@gmail.com,9229638905,ABC College,02-10-2023,04-10-2023,Inactive
51,113,Sneha Sharma,sneha51@gmail.com,9353588610,LMN University,17-03-2023,10-04-2023,Inactive
52,180,Anjali Khan,anjali52@gmail.com,9648992125,ABC College,19-02-2024,12-03-2024,Inactive
53,158,Neha Sharma,neha53@gmail.com,9947380960,XYZ College,02-09-2023,18-09-2023,Active
54,127,Rahul Joshi,rahul54@gmail.com,9930588493,XYZ College,06-08-2024,21-09-2024,Active
55,142,Vikram Joshi,vikram55@gmail.com,9318802040,XYZ College,11-01-2024,23-01-2024,Inactive
56,130,Anjali Joshi,anjali56@gmail.com,9034185217,XYZ College,05-08-2024,18-09-2024,Active
57,125,Priya Singh,priya57@gmail.com,9346872480,ABC College,16-07-2024,16-07-2024,Inactive
58,126,Priya Joshi,priya58@gmail.com,9889375521,PQR Institute,30-07-2024,09-09-2024,Inactive
59,147,Priya Verma,priya59@gmail.com,9428599747,LMN University,29-11-2024,06-01-2025,Inactive
60,185,Neha Singh,neha60@gmail.com,9441909578,PQR Institute,01-08-2023,01-08-2023,Inactive
61,164,Neha Sharma,neha61@gmail.com,9392734936,PQR Institute,29-09-2023,17-10-2023,Inactive
62,200,Neha Gupta,neha62@gmail.com,9625838557,XYZ College,12-04-2024,24-04-2024,Inactive
63,169,Vikram Joshi,vikram63@gmail.com,9004140037,XYZ College,12-03-2024,15-03-2024,Inactive
64,156,Vikram Khan,vikram64@gmail.com,9216996651,ABC College,04-06-2023,06-07-2023,Active
65,132,Sneha Khan,sneha65@gmail.com,9366723973,ABC College,16-02-2024,17-03-2024,Active
66,187,Priya Khan,priya66@gmail.com,9890800027,LMN University,02-09-2024,10-10-2024,Inactive
67,126,Vikram Joshi,vikram67@gmail.com,9278247595,LMN University,24-12-2024,22-01-2025,Inactive
68,176,Vikram Patil,vikram68@gmail.com,9486739423,XYZ College,06-10-2024,29-11-2024,Active
69,137,Rohan Sharma,rohan69@gmail.com,9636489480,XYZ College,17-11-2024,21-12-2024,Active
70,114,Sneha Patil,sneha70@gmail.com,9444504288,XYZ College,19-12-2024,15-01-2025,Active
71,123,Anjali Joshi,anjali71@gmail.com,9154708134,PQR Institute,18-12-2023,24-12-2023,Active
72,100,Amit Verma,amit72@gmail.com,9150903646,LMN University,11-10-2024,27-11-2024,Inactive
73,194,Amit Joshi,amit73@gmail.com,9632087267,ABC College,03-04-2024,08-04-2024,Active
74,125,Anjali Verma,anjali74@gmail.com,9749176422,ABC College,22-02-2023,31-03-2023,Active
75,108,Anjali Singh,anjali75@gmail.com,9190139712,ABC College,20-10-2024,22-11-2024,Inactive
76,196,Rahul Sharma,rahul76@gmail.com,9923912905,XYZ College,05-08-2023,12-09-2023,Inactive
77,111,Rahul Singh,rahul77@gmail.com,9204279883,LMN University,25-12-2023,30-12-2023,Active
78,169,Anjali Gupta,anjali78@gmail.com,9692112840,ABC College,04-05-2024,09-06-2024,Inactive
79,191,Amit Sharma,amit79@gmail.com,9462815036,ABC College,04-04-2024,18-04-2024,Inactive
80,140,Neha Khan,neha80@gmail.com,9079888081,ABC College,12-12-2023,18-12-2023,Inactive
81,130,Vikram Khan,vikram81@gmail.com,9916498076,LMN University,06-07-2023,28-07-2023,Inactive
82,159,Rahul Verma,rahul82@gmail.com,9539042428,XYZ College,24-04-2024,21-05-2024,Inactive
83,187,Rohan Sharma,rohan83@gmail.com,9601653330,PQR Institute,12-11-2023,10-01-2024,Inactive
84,165,Neha Joshi,neha84@gmail.com,9778674087,LMN University,22-04-2023,18-05-2023,Active
85,100,Neha Verma,neha85@gmail.com,9003005713,LMN University,25-12-2024,27-12-2024,Active
86,111,Priya Joshi,priya86@gmail.com,9512083058,ABC College,29-03-2024,08-04-2024,Active
87,178,Amit Gupta,amit87@gmail.com,9485371185,XYZ College,16-09-2024,28-09-2024,Inactive
88,154,Sneha Verma,sneha88@gmail.com,9473727367,LMN University,09-01-2023,17-01-2023,Active
89,194,Rahul Gupta,rahul89@gmail.com,9924829781,LMN University,01-12-2023,22-12-2023,Inactive
90,142,Neha Singh,neha90@gmail.com,9818776295,LMN University,04-04-2024,20-04-2024,Active
91,127,Sneha Joshi,sneha91@gmail.com,9241174631,LMN University,14-08-2024,10-10-2024,Active
92,105,Anjali Sharma,anjali92@gmail.com,9627308776,ABC College,16-03-2024,14-04-2024,Active
93,165,Rahul Gupta,rahul93@gmail.com,9603858635,LMN University,16-01-2023,26-02-2023,Inactive
94,194,Neha Singh,neha94@gmail.com,9390749516,PQR Institute,23-10-2023,12-12-2023,Inactive
95,162,Rahul Verma,rahul95@gmail.com,9788064279,ABC College,01-03-2023,03-03-2023,Inactive
96,156,Amit Singh,amit96@gmail.com,9915055988,ABC College,20-03-2024,03-04-2024,Active
97,133,Rahul Patil,rahul97@gmail.com,9493396501,LMN University,21-09-2023,21-09-2023,Inactive
98,177,Rahul Joshi,rahul98@gmail.com,9688190935,ABC College,12-02-2023,16-02-2023,Active
99,148,Rahul Joshi,rahul99@gmail.com,9422966059,XYZ College,14-12-2023,21-12-2023,Active
100,191,Amit Verma,amit100@gmail.com,9201125618,XYZ College,07-01-2024,21-02-2024,Active
101,134,Rohan Singh,rohan101@gmail.com,9658142638,XYZ College,21-09-2023,29-10-2023,Inactive
102,155,Anjali Verma,anjali102@gmail.com,9385696022,ABC College,30-06-2023,23-08-2023,Inactive
103,141,Anjali Gupta,anjali103@gmail.com,9780029436,XYZ College,30-10-2024,01-11-2024,Inactive
104,151,Rahul Verma,rahul104@gmail.com,9216090311,LMN University,20-03-2024,16-04-2024,Active
105,123,Neha Sharma,neha105@gmail.com,9318403595,XYZ College,21-10-2023,29-11-2023,Active
106,188,Neha Singh,neha106@gmail.com,9915560581,PQR Institute,19-05-2023,29-05-2023,Inactive
107,113,Rohan Gupta,rohan107@gmail.com,9123411510,LMN University,04-05-2023,10-06-2023,Active
108,193,Rohan Verma,rohan108@gmail.com,9285154591,LMN University,01-08-2023,27-08-2023,Inactive
109,192,Rohan Sharma,rohan109@gmail.com,9015754863,PQR Institute,20-02-2024,04-03-2024,Active
110,143,Priya Singh,priya110@gmail.com,9715035893,PQR Institute,04-03-2024,13-03-2024,Inactive
111,149,Amit Gupta,amit111@gmail.com,9034852351,LMN University,21-08-2024,25-08-2024,Inactive
112,120,Amit Sharma,amit112@gmail.com,9113732048,XYZ College,18-11-2024,01-12-2024,Inactive
113,164,Sneha Joshi,sneha113@gmail.com,9803183114,XYZ College,10-03-2024,25-04-2024,Inactive
114,107,Rahul Gupta,rahul114@gmail.com,9058785938,XYZ College,28-03-2024,17-04-2024,Active
115,137,Rahul Joshi,rahul115@gmail.com,9350265356,LMN University,10-06-2023,29-07-2023,Inactive
116,163,Rahul Verma,rahul116@gmail.com,9794668440,PQR Institute,29-05-2024,21-06-2024,Active
117,191,Anjali Sharma,anjali117@gmail.com,9698073292,ABC College,22-04-2023,29-05-2023,Active
118,193,Rohan Joshi,rohan118@gmail.com,9512734375,LMN University,17-05-2024,04-06-2024,Active
119,184,Anjali Singh,anjali119@gmail.com,9461134114,XYZ College,24-01-2023,03-02-2023,Active
120,109,Amit Sharma,amit120@gmail.com,9641338706,ABC College,23-05-2023,21-06-2023,Active
121,175,Anjali Joshi,anjali121@gmail.com,9132202477,XYZ College,16-08-2024,27-08-2024,Active
122,164,Neha Patil,neha122@gmail.com,9898982308,ABC College,21-06-2024,09-08-2024,Active
123,196,Rahul Gupta,rahul123@gmail.com,9591092337,PQR Institute,09-07-2023,12-08-2023,Active
124,157,Neha Patil,neha124@gmail.com,9188671618,PQR Institute,02-09-2023,12-10-2023,Inactive
125,194,Rohan Singh,rohan125@gmail.com,9891406842,XYZ College,17-05-2024,12-06-2024,Inactive
126,169,Anjali Singh,anjali126@gmail.com,9713162191,LMN University,08-05-2023,14-06-2023,Active
127,162,Sneha Singh,sneha127@gmail.com,9307948005,ABC College,01-10-2023,17-10-2023,Inactive
128,183,Rahul Gupta,rahul128@gmail.com,9831468423,XYZ College,27-12-2023,07-02-2024,Active
129,135,Vikram Sharma,vikram129@gmail.com,9066213323,PQR Institute,25-12-2023,31-12-2023,Active
130,152,Anjali Joshi,anjali130@gmail.com,9190756337,PQR Institute,19-03-2024,21-04-2024,Active
131,136,Anjali Joshi,anjali131@gmail.com,9535344176,PQR Institute,20-02-2024,07-03-2024,Active
132,126,Amit Singh,amit132@gmail.com,9804907640,PQR Institute,02-12-2023,02-12-2023,Inactive
133,186,Sneha Patil,sneha133@gmail.com,9368624662,PQR Institute,17-05-2024,05-07-2024,Inactive
134,132,Anjali Gupta,anjali134@gmail.com,9248759481,ABC College,09-05-2023,03-07-2023,Inactive
135,184,Rohan Khan,rohan135@gmail.com,9232103694,XYZ College,30-12-2023,18-02-2024,Inactive
136,156,Sneha Joshi,sneha136@gmail.com,9228268185,XYZ College,05-09-2024,27-10-2024,Active
137,176,Rahul Singh,rahul137@gmail.com,9612765682,PQR Institute,13-02-2024,07-03-2024,Inactive
138,177,Rahul Khan,rahul138@gmail.com,9916178907,PQR Institute,25-01-2023,24-03-2023,Active
139,119,Rahul Joshi,rahul139@gmail.com,9374721539,XYZ College,18-04-2024,07-05-2024,Active
140,141,Rahul Khan,rahul140@gmail.com,9009300639,PQR Institute,29-03-2024,21-05-2024,Inactive
141,135,Anjali Sharma,anjali141@gmail.com,9279044308,ABC College,28-08-2024,29-09-2024,Active
142,192,Vikram Gupta,vikram142@gmail.com,9940092742,XYZ College,24-01-2023,07-03-2023,Active
143,188,Rahul Singh,rahul143@gmail.com,9641719188,LMN University,17-08-2023,27-08-2023,Active
144,192,Amit Joshi,amit144@gmail.com,9696833003,ABC College,23-04-2024,24-04-2024,Inactive
145,187,Anjali Gupta,anjali145@gmail.com,9824998653,XYZ College,05-03-2024,11-04-2024,Inactive
146,156,Neha Verma,neha146@gmail.com,9026295686,LMN University,15-09-2024,28-09-2024,Inactive
147,127,Neha Gupta,neha147@gmail.com,9159922455,LMN University,03-03-2023,22-03-2023,Inactive
148,181,Vikram Verma,vikram148@gmail.com,9356287941,ABC College,19-04-2023,15-05-2023,Active
149,156,Sneha Gupta,sneha149@gmail.com,9382472590,LMN University,15-06-2024,18-07-2024,Inactive
150,193,Rohan Gupta,rohan150@gmail.com,9515992876,ABC College,10-08-2023,11-08-2023,Active
151,122,Amit Sharma,amit151@gmail.com,9463872824,XYZ College,30-09-2023,10-10-2023,Active
152,165,Rohan Verma,rohan152@gmail.com,9984899542,XYZ College,11-06-2024,16-06-2024,Active
153,125,Sneha Patil,sneha153@gmail.com,9742394022,ABC College,22-02-2023,09-04-2023,Active
154,133,Priya Gupta,priya154@gmail.com,9571578816,XYZ College,14-09-2024,09-11-2024,Active
155,139,Anjali Verma,anjali155@gmail.com,9824489275,ABC College,06-02-2024,17-03-2024,Inactive
156,128,Rohan Verma,rohan156@gmail.com,9029615546,PQR Institute,31-03-2023,26-04-2023,Active
157,119,Sneha Joshi,sneha157@gmail.com,9289992713,XYZ College,02-09-2023,10-10-2023,Inactive
158,105,Priya Gupta,priya158@gmail.com,9264319529,LMN University,06-02-2023,02-04-2023,Active
159,175,Amit Patil,amit159@gmail.com,9451093833,ABC College,10-01-2023,13-02-2023,Active
160,172,Sneha Joshi,sneha160@gmail.com,9234335088,ABC College,10-05-2023,28-05-2023,Active
161,180,Anjali Joshi,anjali161@gmail.com,9423368198,LMN University,08-12-2024,23-01-2025,Inactive
162,158,Vikram Verma,vikram162@gmail.com,9852146847,PQR Institute,12-06-2024,18-07-2024,Inactive
163,117,Priya Gupta,priya163@gmail.com,9373626541,PQR Institute,02-09-2023,13-10-2023,Active
164,184,Neha Gupta,neha164@gmail.com,9153499498,ABC College,23-11-2023,07-01-2024,Active
165,181,Anjali Verma,anjali165@gmail.com,9874169495,XYZ College,24-03-2023,27-03-2023,Active
166,102,Sneha Singh,sneha166@gmail.com,9826063120,PQR Institute,07-02-2024,04-04-2024,Inactive
167,164,Amit Patil,amit167@gmail.com,9972340155,ABC College,31-07-2023,16-09-2023,Active
168,154,Priya Verma,priya168@gmail.com,9070034338,PQR Institute,20-12-2023,15-02-2024,Inactive
169,125,Rahul Patil,rahul169@gmail.com,9302172995,XYZ College,02-11-2023,05-12-2023,Active
170,104,Rohan Gupta,rohan170@gmail.com,9446487529,LMN University,14-01-2024,16-02-2024,Active
171,138,Rohan Khan,rohan171@gmail.com,9599645689,XYZ College,16-12-2023,01-02-2024,Inactive
172,144,Anjali Singh,anjali172@gmail.com,9104732416,PQR Institute,07-06-2024,04-07-2024,Active
173,127,Rahul Patil,rahul173@gmail.com,9861868598,XYZ College,16-04-2024,12-05-2024,Inactive
174,102,Rahul Singh,rahul174@gmail.com,9269450027,XYZ College,11-05-2024,18-05-2024,Inactive
175,198,Rohan Patil,rohan175@gmail.com,9825367721,PQR Institute,06-09-2024,12-09-2024,Active
176,199,Amit Sharma,amit176@gmail.com,9913071964,ABC College,23-08-2024,15-09-2024,Inactive
177,144,Amit Sharma,amit177@gmail.com,9647055958,XYZ College,18-08-2024,23-08-2024,Active
178,192,Rahul Singh,rahul178@gmail.com,9678618462,XYZ College,05-09-2024,07-10-2024,Active
179,168,Amit Sharma,amit179@gmail.com,9331095113,LMN University,21-02-2024,01-04-2024,Inactive
180,183,Neha Joshi,neha180@gmail.com,9914781568,PQR Institute,17-10-2024,16-11-2024,Inactive
181,127,Amit Joshi,amit181@gmail.com,9374311343,XYZ College,19-11-2024,20-12-2024,Inactive
182,154,Rahul Verma,rahul182@gmail.com,9521520895,LMN University,27-12-2023,06-02-2024,Active
183,147,Rahul Sharma,rahul183@gmail.com,9602709537,ABC College,08-10-2024,21-10-2024,Inactive
184,108,Rahul Gupta,rahul184@gmail.com,9714686170,XYZ College,20-07-2023,05-09-2023,Inactive
185,125,Rahul Joshi,rahul185@gmail.com,9658429806,PQR Institute,07-11-2023,08-12-2023,Inactive
186,190,Anjali Verma,anjali186@gmail.com,9949745891,PQR Institute,10-02-2023,23-03-2023,Active
187,108,Vikram Patil,vikram187@gmail.com,9782868410,ABC College,20-05-2024,22-06-2024,Inactive
188,106,Anjali Verma,anjali188@gmail.com,9316340976,PQR Institute,27-01-2024,31-01-2024,Inactive
189,196,Priya Patil,priya189@gmail.com,9638726760,ABC College,04-02-2023,10-02-2023,Active
190,190,Neha Joshi,neha190@gmail.com,9229290759,XYZ College,21-09-2023,23-09-2023,Inactive
191,182,Amit Verma,amit191@gmail.com,9920137576,PQR Institute,04-11-2024,05-12-2024,Inactive
192,167,Anjali Khan,anjali192@gmail.com,9749405396,PQR Institute,06-05-2024,23-05-2024,Active
193,192,Sneha Gupta,sneha193@gmail.com,9736592368,LMN University,11-07-2024,27-07-2024,Inactive
194,107,Priya Khan,priya194@gmail.com,9319285649,ABC College,05-03-2023,26-03-2023,Active
195,101,Rohan Patil,rohan195@gmail.com,9689107452,XYZ College,17-05-2023,08-07-2023,Inactive
196,163,Neha Sharma,neha196@gmail.com,9459704260,XYZ College,04-04-2023,15-05-2023,Inactive
197,164,Sneha Gupta,sneha197@gmail.com,9910938198,XYZ College,06-04-2023,08-04-2023,Active
198,122,Amit Verma,amit198@gmail.com,9027830725,PQR Institute,24-10-2023,07-12-2023,Active
199,132,Sneha Joshi,sneha199@gmail.com,9364272310,XYZ College,30-10-2023,31-10-2023,Inactive
200,122,Amit Verma,amit200@gmail.com,9769915453,PQR Institute,27-07-2023,17-09-2023,Active
201,155,Sneha Gupta,sneha201@gmail.com,9511852985,XYZ College,22-05-2024,01-06-2024,Active
202,107,Priya Singh,priya202@gmail.com,9025873398,PQR Institute,21-10-2023,26-10-2023,Inactive
203,172,Sneha Verma,sneha203@gmail.com,9432936375,ABC College,04-05-2023,20-05-2023,Active
204,132,Anjali Gupta,anjali204@gmail.com,9702953145,LMN University,21-11-2024,14-12-2024,Inactive
205,182,Sneha Joshi,sneha205@gmail.com,9005624697,XYZ College,13-09-2024,23-10-2024,Active
206,189,Rahul Patil,rahul206@gmail.com,9992419075,ABC College,04-03-2024,07-03-2024,Inactive
207,134,Rohan Khan,rohan207@gmail.com,9105799754,PQR Institute,18-12-2024,03-01-2025,Inactive
208,116,Vikram Verma,vikram208@gmail.com,9437041590,XYZ College,29-08-2024,30-08-2024,Active
209,190,Amit Khan,amit209@gmail.com,9552214685,LMN University,26-10-2023,29-10-2023,Active
210,102,Rohan Joshi,rohan210@gmail.com,9933796330,XYZ College,08-04-2023,16-05-2023,Inactive
211,199,Neha Joshi,neha211@gmail.com,9772318069,ABC College,24-05-2024,11-07-2024,Inactive
212,162,Amit Verma,amit212@gmail.com,9187778021,PQR Institute,18-03-2024,10-05-2024,Inactive
213,145,Neha Sharma,neha213@gmail.com,9593902584,LMN University,12-02-2023,29-03-2023,Inactive
214,158,Priya Patil,priya214@gmail.com,9818282802,PQR Institute,22-12-2024,28-12-2024,Active
215,181,Anjali Verma,anjali215@gmail.com,9987258843,XYZ College,25-04-2024,28-04-2024,Inactive
216,110,Rohan Singh,rohan216@gmail.com,9492493821,LMN University,07-04-2024,24-04-2024,Inactive
217,176,Rohan Verma,rohan217@gmail.com,9935297459,LMN University,10-05-2023,18-06-2023,Inactive
218,173,Neha Verma,neha218@gmail.com,9418917533,ABC College,14-11-2023,03-01-2024,Inactive
219,162,Vikram Verma,vikram219@gmail.com,9161926325,ABC College,09-06-2024,09-06-2024,Active
220,140,Rahul Sharma,rahul220@gmail.com,9325668409,PQR Institute,05-10-2023,08-10-2023,Active
221,184,Rahul Gupta,rahul221@gmail.com,9230096397,LMN University,29-05-2023,05-07-2023,Active
222,110,Neha Sharma,neha222@gmail.com,9623528664,ABC College,18-06-2024,17-08-2024,Inactive
223,161,Amit Patil,amit223@gmail.com,9882852783,ABC College,11-04-2024,01-05-2024,Inactive
224,112,Amit Gupta,amit224@gmail.com,9440569561,ABC College,08-10-2023,24-11-2023,Inactive
225,121,Sneha Khan,sneha225@gmail.com,9955090127,PQR Institute,02-07-2024,19-07-2024,Active
226,196,Sneha Singh,sneha226@gmail.com,9883954611,PQR Institute,12-12-2023,14-01-2024,Active
227,166,Sneha Patil,sneha227@gmail.com,9829738560,LMN University,26-01-2023,24-02-2023,Active
228,170,Amit Khan,amit228@gmail.com,9497291030,LMN University,26-03-2023,13-05-2023,Inactive
229,164,Rohan Singh,rohan229@gmail.com,9376190885,LMN University,01-09-2023,21-10-2023,Inactive
230,175,Rahul Gupta,rahul230@gmail.com,9905040271,PQR Institute,27-04-2023,09-05-2023,Active
231,191,Anjali Singh,anjali231@gmail.com,9695485422,PQR Institute,03-11-2023,12-12-2023,Active
232,171,Rohan Singh,rohan232@gmail.com,9677387250,ABC College,11-05-2024,07-07-2024,Inactive
233,124,Sneha Sharma,sneha233@gmail.com,9504375983,ABC College,07-05-2024,02-06-2024,Inactive
234,178,Rahul Khan,rahul234@gmail.com,9323525674,ABC College,31-01-2023,06-02-2023,Inactive
235,124,Priya Patil,priya235@gmail.com,9294090104,LMN University,26-12-2023,11-02-2024,Active
236,174,Amit Verma,amit236@gmail.com,9708875460,PQR Institute,01-05-2023,28-06-2023,Active
237,199,Neha Khan,neha237@gmail.com,9660636868,LMN University,11-12-2024,29-01-2025,Active
238,149,Priya Patil,priya238@gmail.com,9558989143,PQR Institute,26-08-2024,20-09-2024,Inactive
239,129,Vikram Singh,vikram239@gmail.com,9935937485,XYZ College,13-08-2024,27-08-2024,Inactive
240,110,Anjali Patil,anjali240@gmail.com,9076037791,PQR Institute,06-09-2023,22-10-2023,Inactive
241,105,Rahul Verma,rahul241@gmail.com,9700049620,LMN University,14-09-2024,21-09-2024,Inactive
242,182,Neha Gupta,neha242@gmail.com,9391026024,ABC College,04-01-2024,21-02-2024,Inactive
243,199,Neha Verma,neha243@gmail.com,9288816938,XYZ College,18-04-2023,28-05-2023,Inactive
244,156,Priya Patil,priya244@gmail.com,9757180238,LMN University,23-04-2023,08-05-2023,Inactive
245,161,Vikram Sharma,vikram245@gmail.com,9514753855,LMN University,07-08-2024,28-08-2024,Inactive
246,133,Neha Sharma,neha246@gmail.com,9200721871,PQR Institute,19-03-2024,01-04-2024,Active
247,154,Rohan Singh,rohan247@gmail.com,9174517915,LMN University,05-09-2024,08-10-2024,Active
248,126,Anjali Singh,anjali248@gmail.com,9647668069,XYZ College,02-04-2024,12-05-2024,Active
249,195,Rahul Verma,rahul249@gmail.com,9669106195,ABC College,04-09-2023,03-10-2023,Inactive
250,122,Anjali Joshi,anjali250@gmail.com,9405286057,ABC College,09-06-2024,12-06-2024,Active
251,181,Vikram Khan,vikram251@gmail.com,9050652120,XYZ College,31-12-2023,14-01-2024,Inactive
252,114,Anjali Khan,anjali252@gmail.com,9788803265,ABC College,05-04-2024,07-05-2024,Active
253,199,Rohan Joshi,rohan253@gmail.com,9663151017,PQR Institute,15-03-2024,15-03-2024,Active
254,190,Priya Khan,priya254@gmail.com,9211438299,ABC College,15-11-2024,01-12-2024,Active
255,180,Anjali Singh,anjali255@gmail.com,9159060662,LMN University,23-09-2023,12-10-2023,Inactive
256,135,Priya Gupta,priya256@gmail.com,9470232894,XYZ College,27-03-2024,03-04-2024,Active
257,153,Rohan Sharma,rohan257@gmail.com,9755993452,PQR Institute,03-11-2024,25-12-2024,Active
258,168,Vikram Singh,vikram258@gmail.com,9401999258,PQR Institute,01-05-2023,29-05-2023,Inactive
259,132,Amit Sharma,amit259@gmail.com,9510221397,XYZ College,03-07-2023,20-08-2023,Active
260,148,Neha Verma,neha260@gmail.com,9493420765,XYZ College,26-02-2024,15-04-2024,Inactive
261,189,Neha Singh,neha261@gmail.com,9415566069,LMN University,13-03-2024,27-04-2024,Inactive
262,138,Amit Verma,amit262@gmail.com,9720555073,ABC College,21-04-2024,05-05-2024,Inactive
263,161,Sneha Joshi,sneha263@gmail.com,9015849196,ABC College,11-04-2024,01-06-2024,Inactive
264,111,Amit Sharma,amit264@gmail.com,9380616621,LMN University,18-11-2024,22-12-2024,Active
265,133,Sneha Singh,sneha265@gmail.com,9897159742,LMN University,11-10-2023,26-10-2023,Active
266,147,Neha Singh,neha266@gmail.com,9497250948,XYZ College,23-05-2024,08-07-2024,Inactive
267,178,Vikram Khan,vikram267@gmail.com,9307966654,XYZ College,26-10-2024,04-12-2024,Active
268,149,Amit Khan,amit268@gmail.com,9346192209,LMN University,10-01-2024,05-03-2024,Active
269,100,Rohan Khan,rohan269@gmail.com,9432840392,PQR Institute,23-04-2024,09-06-2024,Active
270,122,Rohan Khan,rohan270@gmail.com,9450182195,XYZ College,21-08-2023,15-10-2023,Inactive
271,181,Anjali Patil,anjali271@gmail.com,9146469644,LMN University,26-12-2023,11-02-2024,Active
272,193,Anjali Singh,anjali272@gmail.com,9635675610,PQR Institute,23-04-2024,08-06-2024,Inactive
273,126,Neha Joshi,neha273@gmail.com,9593939489,ABC College,28-07-2023,29-07-2023,Inactive
274,134,Vikram Gupta,vikram274@gmail.com,9736879500,PQR Institute,21-09-2023,06-10-2023,Active
275,200,Amit Khan,amit275@gmail.com,9582051604,PQR Institute,28-04-2024,07-05-2024,Inactive
276,122,Priya Sharma,priya276@gmail.com,9257928406,LMN University,08-11-2023,02-01-2024,Inactive
277,162,Sneha Joshi,sneha277@gmail.com,9417320317,LMN University,08-10-2023,01-11-2023,Active
278,105,Neha Singh,neha278@gmail.com,9731956061,XYZ College,17-01-2024,16-02-2024,Inactive
279,101,Anjali Sharma,anjali279@gmail.com,9705421241,LMN University,04-08-2023,09-08-2023,Active
280,166,Sneha Verma,sneha280@gmail.com,9885204179,ABC College,19-01-2023,21-02-2023,Active
281,115,Rahul Sharma,rahul281@gmail.com,9334545480,ABC College,09-09-2024,20-10-2024,Active
282,178,Rohan Gupta,rohan282@gmail.com,9774104089,ABC College,14-02-2023,07-04-2023,Inactive
283,106,Vikram Joshi,vikram283@gmail.com,9095328756,XYZ College,08-07-2024,16-07-2024,Inactive
284,192,Sneha Patil,sneha284@gmail.com,9672394144,PQR Institute,11-04-2024,27-04-2024,Active
285,193,Anjali Singh,anjali285@gmail.com,9994240338,XYZ College,30-09-2024,19-11-2024,Inactive
286,146,Rohan Patil,rohan286@gmail.com,9844564321,LMN University,22-04-2023,21-05-2023,Active
287,127,Vikram Gupta,vikram287@gmail.com,9741826927,LMN University,09-05-2023,19-06-2023,Active
288,103,Vikram Gupta,vikram288@gmail.com,9397642381,ABC College,24-08-2023,15-10-2023,Active
289,196,Anjali Verma,anjali289@gmail.com,9431373045,LMN University,13-04-2023,14-04-2023,Inactive
290,179,Rahul Khan,rahul290@gmail.com,9457848890,PQR Institute,25-07-2024,02-09-2024,Active
291,112,Neha Khan,neha291@gmail.com,9208761709,ABC College,08-12-2023,29-01-2024,Active
292,193,Amit Khan,amit292@gmail.com,9953335507,XYZ College,03-07-2023,19-07-2023,Inactive
293,131,Sneha Khan,sneha293@gmail.com,9620999871,PQR Institute,17-09-2023,09-11-2023,Inactive
294,199,Sneha Singh,sneha294@gmail.com,9700075145,XYZ College,30-12-2023,19-02-2024,Active
295,147,Priya Khan,priya295@gmail.com,9229297792,PQR Institute,15-01-2024,15-03-2024,Active
296,161,Anjali Joshi,anjali296@gmail.com,9769691667,ABC College,18-01-2023,23-01-2023,Active
297,159,Amit Gupta,amit297@gmail.com,9047971764,LMN University,23-03-2024,28-03-2024,Active
298,200,Sneha Singh,sneha298@gmail.com,9708663886,LMN University,15-03-2023,26-04-2023,Active
299,190,Rahul Sharma,rahul299@gmail.com,9624673738,LMN University,02-03-2023,28-04-2023,Inactive
300,181,Rohan Khan,rohan300@gmail.com,9298939620,ABC College,18-11-2024,03-01-2025,Inactive
301,132,Rohan Singh,rohan301@gmail.com,9129258583,PQR Institute,10-04-2024,19-04-2024,Active
302,168,Rohan Joshi,rohan302@gmail.com,9946854779,LMN University,16-02-2024,12-04-2024,Active
303,106,Vikram Verma,vikram303@gmail.com,9404163739,XYZ College,02-09-2024,28-09-2024,Inactive
304,182,Amit Singh,amit304@gmail.com,9944432096,PQR Institute,12-04-2024,17-05-2024,Active
305,196,Priya Joshi,priya305@gmail.com,9326468658,PQR Institute,06-11-2024,20-12-2024,Active
306,108,Sneha Khan,sneha306@gmail.com,9382155932,LMN University,28-04-2023,09-06-2023,Inactive
307,183,Priya Patil,priya307@gmail.com,9698362296,LMN University,20-08-2024,17-10-2024,Active
308,172,Rohan Gupta,rohan308@gmail.com,9432412997,PQR Institute,09-01-2024,16-02-2024,Inactive
309,140,Anjali Singh,anjali309@gmail.com,9771794155,ABC College,03-03-2023,14-03-2023,Inactive
310,112,Rahul Patil,rahul310@gmail.com,9467062684,LMN University,20-09-2024,06-11-2024,Active
311,140,Sneha Verma,sneha311@gmail.com,9355333443,ABC College,07-09-2023,11-10-2023,Active
312,116,Vikram Sharma,vikram312@gmail.com,9992054990,XYZ College,02-02-2024,17-02-2024,Inactive
313,117,Neha Singh,neha313@gmail.com,9530689209,XYZ College,02-06-2024,23-07-2024,Inactive
314,117,Anjali Joshi,anjali314@gmail.com,9013855729,LMN University,05-01-2023,06-01-2023,Inactive
315,128,Rohan Singh,rohan315@gmail.com,9946434181,PQR Institute,30-06-2023,07-07-2023,Inactive
316,172,Rahul Gupta,rahul316@gmail.com,9399799057,PQR Institute,25-08-2024,19-09-2024,Inactive
317,117,Amit Joshi,amit317@gmail.com,9236154776,XYZ College,01-04-2024,21-04-2024,Active
318,181,Amit Sharma,amit318@gmail.com,9463989063,ABC College,03-01-2023,08-01-2023,Inactive
319,160,Rahul Khan,rahul319@gmail.com,9507680340,LMN University,03-06-2023,22-06-2023,Active
320,104,Neha Gupta,neha320@gmail.com,9002992032,ABC College,19-06-2024,07-08-2024,Inactive
321,196,Rohan Singh,rohan321@gmail.com,9430928826,LMN University,09-09-2023,26-10-2023,Active
322,131,Neha Verma,neha322@gmail.com,9614819462,LMN University,17-09-2024,30-10-2024,Inactive
323,161,Sneha Gupta,sneha323@gmail.com,9052051694,PQR Institute,24-12-2024,26-12-2024,Inactive
324,154,Amit Khan,amit324@gmail.com,9465187743,LMN University,01-06-2023,01-06-2023,Active
325,130,Priya Singh,priya325@gmail.com,9528864963,LMN University,17-08-2023,22-08-2023,Active
326,194,Sneha Gupta,sneha326@gmail.com,9425205729,ABC College,06-09-2023,03-11-2023,Inactive
327,187,Sneha Sharma,sneha327@gmail.com,9099320289,LMN University,05-12-2023,28-01-2024,Inactive
328,105,Neha Sharma,neha328@gmail.com,9717289147,ABC College,17-01-2024,21-02-2024,Inactive
329,105,Rahul Verma,rahul329@gmail.com,9605072955,LMN University,25-05-2024,23-07-2024,Inactive
330,154,Anjali Joshi,anjali330@gmail.com,9468853810,XYZ College,21-08-2024,25-09-2024,Inactive
331,160,Priya Joshi,priya331@gmail.com,9330226311,ABC College,31-03-2024,02-04-2024,Active
332,198,Anjali Singh,anjali332@gmail.com,9249795458,ABC College,18-02-2024,07-04-2024,Inactive
333,199,Priya Khan,priya333@gmail.com,9033706485,LMN University,28-12-2023,08-01-2024,Inactive
334,187,Sneha Singh,sneha334@gmail.com,9723872718,LMN University,09-03-2024,24-04-2024,Active
335,139,Sneha Gupta,sneha335@gmail.com,9926885681,XYZ College,15-02-2023,15-04-2023,Inactive
336,195,Neha Verma,neha336@gmail.com,9960893738,PQR Institute,06-01-2023,11-01-2023,Inactive
337,151,Priya Joshi,priya337@gmail.com,9932436531,ABC College,05-08-2024,14-08-2024,Active
338,185,Priya Sharma,priya338@gmail.com,9179621733,XYZ College,24-01-2023,09-02-2023,Inactive
339,186,Rahul Khan,rahul339@gmail.com,9879802039,XYZ College,22-02-2023,03-04-2023,Inactive
340,112,Vikram Singh,vikram340@gmail.com,9357848881,LMN University,29-08-2023,01-09-2023,Inactive
341,134,Sneha Patil,sneha341@gmail.com,9804107395,PQR Institute,24-01-2023,28-01-2023,Active
342,103,Sneha Gupta,sneha342@gmail.com,9141154667,ABC College,11-02-2024,22-02-2024,Active
343,165,Amit Gupta,amit343@gmail.com,9876042414,XYZ College,27-05-2024,02-06-2024,Inactive
344,195,Vikram Joshi,vikram344@gmail.com,9139269572,XYZ College,28-07-2024,03-08-2024,Inactive
345,156,Neha Khan,neha345@gmail.com,9925163103,ABC College,01-11-2023,23-12-2023,Active
346,117,Rohan Verma,rohan346@gmail.com,9299901427,ABC College,05-07-2024,10-08-2024,Active
347,164,Anjali Khan,anjali347@gmail.com,9626861787,PQR Institute,27-10-2024,23-12-2024,Active
348,118,Rahul Verma,rahul348@gmail.com,9510417057,LMN University,21-08-2024,18-09-2024,Active
349,106,Rahul Joshi,rahul349@gmail.com,9109686173,PQR Institute,05-09-2024,10-10-2024,Active
350,184,Anjali Khan,anjali350@gmail.com,9166873653,XYZ College,02-05-2024,11-05-2024,Active
351,146,Amit Gupta,amit351@gmail.com,9971021587,PQR Institute,24-10-2024,10-12-2024,Active
352,161,Priya Joshi,priya352@gmail.com,9888028941,PQR Institute,07-11-2024,01-01-2025,Active
353,108,Amit Joshi,amit353@gmail.com,9215401053,LMN University,03-11-2023,13-12-2023,Inactive
354,134,Anjali Joshi,anjali354@gmail.com,9230703100,LMN University,07-12-2024,14-01-2025,Inactive
355,135,Vikram Gupta,vikram355@gmail.com,9391523366,XYZ College,12-06-2024,23-07-2024,Active
356,105,Rohan Singh,rohan356@gmail.com,9865587780,PQR Institute,22-10-2024,04-11-2024,Active
357,130,Neha Patil,neha357@gmail.com,9533702791,ABC College,10-11-2023,25-11-2023,Active
358,181,Priya Verma,priya358@gmail.com,9249494373,PQR Institute,27-11-2023,01-01-2024,Inactive
359,199,Rohan Sharma,rohan359@gmail.com,9522905547,ABC College,12-09-2023,02-10-2023,Active
360,132,Neha Joshi,neha360@gmail.com,9434085083,PQR Institute,10-08-2023,15-08-2023,Active
361,196,Vikram Gupta,vikram361@gmail.com,9422706563,XYZ College,09-03-2024,15-03-2024,Active
362,157,Neha Joshi,neha362@gmail.com,9977257468,XYZ College,23-12-2024,16-02-2025,Inactive
363,179,Vikram Khan,vikram363@gmail.com,9184816654,ABC College,07-08-2023,22-08-2023,Inactive
364,193,Anjali Joshi,anjali364@gmail.com,9108257066,LMN University,21-04-2023,20-05-2023,Inactive
365,171,Priya Joshi,priya365@gmail.com,9169060116,ABC College,11-09-2024,19-09-2024,Active
366,156,Sneha Singh,sneha366@gmail.com,9138598816,PQR Institute,12-06-2023,02-08-2023,Inactive
367,101,Amit Sharma,amit367@gmail.com,9475099267,XYZ College,04-09-2024,21-10-2024,Inactive
368,175,Rohan Joshi,rohan368@gmail.com,9752340156,ABC College,01-07-2023,03-08-2023,Active
369,199,Amit Khan,amit369@gmail.com,9459523391,PQR Institute,22-07-2023,19-09-2023,Active
370,119,Rahul Khan,rahul370@gmail.com,9529516929,ABC College,14-09-2023,05-10-2023,Active
371,169,Neha Khan,neha371@gmail.com,9973258923,ABC College,08-11-2024,29-11-2024,Inactive
372,127,Priya Gupta,priya372@gmail.com,9886463018,ABC College,20-04-2023,29-04-2023,Inactive
373,142,Vikram Singh,vikram373@gmail.com,9048136723,LMN University,26-12-2024,03-01-2025,Active
374,199,Priya Singh,priya374@gmail.com,9896456187,XYZ College,30-06-2023,19-08-2023,Active
375,184,Anjali Singh,anjali375@gmail.com,9539751178,LMN University,16-11-2023,26-11-2023,Active
376,200,Vikram Singh,vikram376@gmail.com,9622984208,XYZ College,15-06-2024,04-08-2024,Active
377,115,Amit Gupta,amit377@gmail.com,9015365112,ABC College,12-01-2024,01-02-2024,Inactive
378,136,Priya Gupta,priya378@gmail.com,9019403155,ABC College,02-04-2023,28-04-2023,Inactive
379,174,Vikram Gupta,vikram379@gmail.com,9829741273,ABC College,07-06-2024,22-06-2024,Active
380,149,Vikram Patil,vikram380@gmail.com,9401664557,LMN University,22-08-2023,27-08-2023,Active
381,115,Neha Khan,neha381@gmail.com,9956793383,PQR Institute,10-05-2023,14-05-2023,Active
382,186,Rahul Singh,rahul382@gmail.com,9819808986,ABC College,20-07-2023,08-09-2023,Active
383,196,Priya Singh,priya383@gmail.com,9404173849,ABC College,11-07-2024,15-08-2024,Active
384,195,Rahul Sharma,rahul384@gmail.com,9307413293,PQR Institute,14-12-2023,08-01-2024,Active
385,132,Anjali Gupta,anjali385@gmail.com,9805473043,LMN University,08-01-2024,03-02-2024,Inactive
386,168,Priya Khan,priya386@gmail.com,9979292901,LMN University,29-10-2024,12-12-2024,Active
387,158,Rohan Singh,rohan387@gmail.com,9899408962,LMN University,19-08-2024,31-08-2024,Inactive
388,162,Priya Sharma,priya388@gmail.com,9028088930,PQR Institute,20-03-2024,05-04-2024,Inactive
389,175,Amit Sharma,amit389@gmail.com,9441397948,XYZ College,30-07-2024,25-08-2024,Inactive
390,175,Neha Sharma,neha390@gmail.com,9140458841,PQR Institute,07-07-2023,22-07-2023,Inactive
391,158,Rohan Singh,rohan391@gmail.com,9544871570,PQR Institute,10-08-2024,02-10-2024,Inactive
392,133,Vikram Verma,vikram392@gmail.com,9394197636,ABC College,20-08-2023,31-08-2023,Active
393,106,Vikram Verma,vikram393@gmail.com,9503244359,PQR Institute,22-02-2024,08-04-2024,Active
394,131,Sneha Verma,sneha394@gmail.com,9341741389,ABC College,17-10-2024,16-12-2024,Inactive
395,120,Vikram Singh,vikram395@gmail.com,9370639648,ABC College,06-07-2024,25-08-2024,Active
396,149,Priya Gupta,priya396@gmail.com,9292712794,XYZ College,26-03-2023,04-04-2023,Inactive
397,172,Rohan Sharma,rohan397@gmail.com,9704337687,XYZ College,04-09-2023,06-10-2023,Inactive
398,126,Rahul Verma,rahul398@gmail.com,9735290934,ABC College,16-04-2024,05-05-2024,Active
399,133,Amit Singh,amit399@gmail.com,9956145840,ABC College,18-05-2023,31-05-2023,Active
400,196,Amit Joshi,amit400@gmail.com,9355330186,PQR Institute,14-02-2023,27-03-2023,Inactive
401,137,Neha Sharma,neha401@gmail.com,9407549396,PQR Institute,31-08-2024,18-10-2024,Active
402,151,Anjali Verma,anjali402@gmail.com,9949944197,LMN University,14-10-2023,30-11-2023,Active
403,132,Vikram Singh,vikram403@gmail.com,9790708943,XYZ College,15-11-2024,12-01-2025,Active
404,160,Anjali Joshi,anjali404@gmail.com,9457346941,LMN University,15-03-2024,15-03-2024,Active
405,119,Priya Sharma,priya405@gmail.com,9349166127,ABC College,20-12-2024,08-01-2025,Active
406,165,Neha Sharma,neha406@gmail.com,9666292499,ABC College,03-02-2024,20-03-2024,Active
407,158,Rohan Patil,rohan407@gmail.com,9460362042,PQR Institute,15-08-2023,27-09-2023,Active
408,141,Vikram Khan,vikram408@gmail.com,9727352002,XYZ College,05-01-2024,16-01-2024,Active
409,129,Rahul Patil,rahul409@gmail.com,9953049567,PQR Institute,24-12-2024,17-01-2025,Inactive
410,106,Rahul Khan,rahul410@gmail.com,9598968741,ABC College,13-06-2023,21-06-2023,Inactive
411,185,Rohan Joshi,rohan411@gmail.com,9365704565,XYZ College,11-07-2024,18-08-2024,Active
412,110,Anjali Singh,anjali412@gmail.com,9516979528,ABC College,28-06-2024,16-07-2024,Inactive
413,131,Rahul Gupta,rahul413@gmail.com,9988924042,XYZ College,03-05-2024,13-05-2024,Inactive
414,160,Sneha Joshi,sneha414@gmail.com,9928883615,PQR Institute,19-06-2023,14-07-2023,Inactive
415,199,Rahul Verma,rahul415@gmail.com,9513443879,XYZ College,07-12-2024,07-12-2024,Inactive
416,198,Vikram Verma,vikram416@gmail.com,9366428276,LMN University,08-06-2023,25-07-2023,Active
417,117,Anjali Khan,anjali417@gmail.com,9493396778,LMN University,01-02-2023,22-02-2023,Inactive
418,196,Neha Sharma,neha418@gmail.com,9005229960,LMN University,14-02-2023,15-02-2023,Inactive
419,167,Anjali Verma,anjali419@gmail.com,9408926242,XYZ College,25-02-2023,14-03-2023,Inactive
420,163,Rahul Verma,rahul420@gmail.com,9025887987,LMN University,31-05-2023,14-07-2023,Active
421,161,Anjali Khan,anjali421@gmail.com,9646519775,ABC College,15-07-2024,19-07-2024,Inactive
422,113,Rohan Singh,rohan422@gmail.com,9522331624,LMN University,09-01-2024,23-01-2024,Inactive
423,187,Neha Patil,neha423@gmail.com,9421188644,LMN University,13-06-2023,28-06-2023,Active
424,183,Rahul Gupta,rahul424@gmail.com,9734316170,XYZ College,27-05-2023,03-06-2023,Inactive
425,112,Anjali Patil,anjali425@gmail.com,9997868663,LMN University,18-01-2024,31-01-2024,Active
426,184,Anjali Sharma,anjali426@gmail.com,9536294986,LMN University,10-05-2024,13-06-2024,Active
427,118,Rahul Singh,rahul427@gmail.com,9464991778,XYZ College,04-08-2024,26-09-2024,Active
428,120,Anjali Gupta,anjali428@gmail.com,9805257914,ABC College,01-04-2024,04-04-2024,Active
429,117,Rahul Gupta,rahul429@gmail.com,9783066012,LMN University,24-09-2024,04-10-2024,Active
430,159,Anjali Khan,anjali430@gmail.com,9836312902,XYZ College,21-01-2024,13-02-2024,Inactive
431,144,Anjali Joshi,anjali431@gmail.com,9898726987,PQR Institute,22-02-2023,09-03-2023,Active
432,144,Priya Gupta,priya432@gmail.com,9408456438,LMN University,10-05-2024,28-06-2024,Active
433,181,Neha Gupta,neha433@gmail.com,9699609258,PQR Institute,24-03-2024,31-03-2024,Active
434,124,Neha Khan,neha434@gmail.com,9749143937,PQR Institute,17-04-2023,27-04-2023,Inactive
435,107,Anjali Joshi,anjali435@gmail.com,9858827153,XYZ College,17-03-2024,11-04-2024,Inactive
436,192,Amit Sharma,amit436@gmail.com,9864145527,XYZ College,04-02-2023,30-03-2023,Active
437,148,Vikram Singh,vikram437@gmail.com,9477628648,LMN University,31-08-2023,19-10-2023,Inactive
438,101,Anjali Khan,anjali438@gmail.com,9093305967,ABC College,17-04-2024,07-06-2024,Inactive
439,154,Priya Patil,priya439@gmail.com,9689617387,LMN University,07-07-2023,21-07-2023,Active
440,130,Rahul Singh,rahul440@gmail.com,9705343595,LMN University,14-01-2023,22-01-2023,Active
441,157,Vikram Sharma,vikram441@gmail.com,9548487737,XYZ College,02-06-2023,21-07-2023,Inactive
442,195,Rohan Joshi,rohan442@gmail.com,9346714516,PQR Institute,25-08-2024,04-10-2024,Active
443,139,Anjali Sharma,anjali443@gmail.com,9708723152,ABC College,09-03-2024,12-03-2024,Inactive
444,105,Rahul Patil,rahul444@gmail.com,9912119872,PQR Institute,02-01-2023,21-01-2023,Active
445,159,Anjali Singh,anjali445@gmail.com,9929728650,XYZ College,21-02-2023,26-03-2023,Active
446,173,Neha Verma,neha446@gmail.com,9899104472,PQR Institute,25-04-2024,16-05-2024,Inactive
447,156,Amit Verma,amit447@gmail.com,9927540412,ABC College,19-01-2024,18-03-2024,Inactive
448,150,Priya Joshi,priya448@gmail.com,9259661027,ABC College,12-12-2023,17-12-2023,Inactive
449,188,Neha Sharma,neha449@gmail.com,9909244521,ABC College,04-06-2023,23-07-2023,Inactive
450,168,Neha Verma,neha450@gmail.com,9803778447,ABC College,23-12-2024,24-12-2024,Inactive
451,124,Rahul Patil,rahul451@gmail.com,9717438805,LMN University,18-06-2024,02-07-2024,Active
452,145,Anjali Patil,anjali452@gmail.com,9038985156,ABC College,08-06-2024,21-07-2024,Active
453,108,Anjali Singh,anjali453@gmail.com,9239582353,PQR Institute,07-02-2023,16-02-2023,Active
454,117,Rahul Gupta,rahul454@gmail.com,9067967606,PQR Institute,14-01-2023,16-02-2023,Inactive
455,152,Amit Gupta,amit455@gmail.com,9129870011,LMN University,07-08-2024,14-09-2024,Active
456,103,Anjali Joshi,anjali456@gmail.com,9000874555,XYZ College,20-08-2023,07-09-2023,Inactive
457,151,Rahul Verma,rahul457@gmail.com,9764944669,LMN University,28-11-2024,28-12-2024,Inactive
458,180,Rahul Verma,rahul458@gmail.com,9841367448,LMN University,08-06-2024,15-06-2024,Inactive
459,113,Anjali Singh,anjali459@gmail.com,9610302044,ABC College,23-10-2024,08-11-2024,Inactive
460,151,Priya Patil,priya460@gmail.com,9806944582,PQR Institute,01-06-2024,01-06-2024,Inactive
461,191,Neha Verma,neha461@gmail.com,9172118015,ABC College,09-07-2024,24-08-2024,Inactive
462,102,Rohan Joshi,rohan462@gmail.com,9201559625,LMN University,04-10-2023,01-12-2023,Inactive
463,177,Priya Gupta,priya463@gmail.com,9408420935,ABC College,29-11-2023,10-01-2024,Active
464,137,Priya Sharma,priya464@gmail.com,9119580938,PQR Institute,01-10-2023,10-10-2023,Inactive
465,120,Neha Sharma,neha465@gmail.com,9543020348,LMN University,26-07-2023,30-08-2023,Active
466,105,Rahul Gupta,rahul466@gmail.com,9341317924,PQR Institute,15-09-2023,19-09-2023,Active
467,111,Vikram Patil,vikram467@gmail.com,9148158210,ABC College,28-06-2024,22-07-2024,Active
468,125,Rahul Gupta,rahul468@gmail.com,9616717812,XYZ College,15-03-2024,29-04-2024,Active
469,170,Neha Joshi,neha469@gmail.com,9398171422,LMN University,19-03-2024,13-05-2024,Inactive
470,151,Rahul Singh,rahul470@gmail.com,9492518302,ABC College,04-06-2023,30-06-2023,Inactive
471,117,Sneha Joshi,sneha471@gmail.com,9976713577,XYZ College,05-06-2023,14-07-2023,Inactive
472,181,Anjali Verma,anjali472@gmail.com,9166561999,PQR Institute,15-01-2024,20-02-2024,Active
473,104,Priya Khan,priya473@gmail.com,9352437431,XYZ College,17-10-2023,14-11-2023,Active
474,169,Neha Patil,neha474@gmail.com,9589672741,PQR Institute,21-04-2024,15-05-2024,Inactive
475,130,Neha Patil,neha475@gmail.com,9296634906,XYZ College,01-06-2024,28-06-2024,Inactive
476,125,Neha Singh,neha476@gmail.com,9305499085,ABC College,29-04-2023,12-05-2023,Active
477,141,Neha Khan,neha477@gmail.com,9626674353,PQR Institute,12-05-2023,28-05-2023,Active
478,106,Sneha Khan,sneha478@gmail.com,9021428418,ABC College,11-09-2024,10-10-2024,Active
479,142,Amit Khan,amit479@gmail.com,9148712339,ABC College,21-07-2023,11-08-2023,Active
480,158,Sneha Gupta,sneha480@gmail.com,9677665743,ABC College,11-04-2024,04-05-2024,Inactive
481,181,Rohan Singh,rohan481@gmail.com,9489327435,LMN University,01-02-2023,18-02-2023,Inactive
482,155,Vikram Joshi,vikram482@gmail.com,9493415721,ABC College,10-03-2023,19-04-2023,Inactive
483,160,Vikram Khan,vikram483@gmail.com,9038916998,ABC College,29-04-2023,07-06-2023,Inactive
484,129,Rohan Khan,rohan484@gmail.com,9516424452,PQR Institute,15-04-2024,13-05-2024,Inactive
485,166,Neha Khan,neha485@gmail.com,9322412338,LMN University,28-06-2024,27-07-2024,Inactive
486,188,Rahul Patil,rahul486@gmail.com,9350800451,ABC College,17-02-2023,10-04-2023,Active
487,140,Anjali Sharma,anjali487@gmail.com,9052870141,XYZ College,05-01-2024,26-01-2024,Active
488,125,Sneha Verma,sneha488@gmail.com,9350803392,XYZ College,27-09-2023,04-11-2023,Inactive
489,119,Anjali Khan,anjali489@gmail.com,9945759372,XYZ College,24-02-2023,13-04-2023,Active
490,178,Rohan Singh,rohan490@gmail.com,9272456694,PQR Institute,05-12-2024,03-02-2025,Inactive
491,152,Sneha Sharma,sneha491@gmail.com,9467039874,ABC College,03-05-2023,09-05-2023,Active
492,153,Rohan Verma,rohan492@gmail.com,9582294741,ABC College,19-10-2024,27-11-2024,Inactive
493,185,Priya Joshi,priya493@gmail.com,9655655244,PQR Institute,06-11-2024,02-12-2024,Active
494,154,Vikram Verma,vikram494@gmail.com,9889798018,XYZ College,08-05-2023,13-06-2023,Active
495,109,Rohan Sharma,rohan495@gmail.com,9630235550,PQR Institute,14-01-2024,04-03-2024,Inactive
496,131,Vikram Khan,vikram496@gmail.com,9190516483,PQR Institute,16-07-2023,23-07-2023,Active
497,179,Rahul Patil,rahul497@gmail.com,9982508042,LMN University,20-02-2023,29-03-2023,Active
498,175,Amit Patil,amit498@gmail.com,9110921580,LMN University,02-05-2024,14-05-2024,Inactive
499,128,Priya Khan,priya499@gmail.com,9149581234,XYZ College,07-05-2024,05-07-2024,Inactive
500,190,Anjali Gupta,anjali500@gmail.com,9720584476,XYZ College,09-06-2024,17-06-2024,Active
501,155,Rahul Khan,rahul501@gmail.com,9855797172,PQR Institute,08-10-2023,07-11-2023,Active
502,196,Priya Gupta,priya502@gmail.com,9265904185,PQR Institute,30-04-2023,20-05-2023,Active
503,136,Rohan Sharma,rohan503@gmail.com,9686408927,XYZ College,15-11-2024,15-11-2024,Inactive
504,183,Sneha Patil,sneha504@gmail.com,9370239603,LMN University,28-01-2023,25-03-2023,Active
505,151,Sneha Verma,sneha505@gmail.com,9798998682,XYZ College,05-03-2023,30-04-2023,Active
506,123,Rohan Khan,rohan506@gmail.com,9960250882,PQR Institute,22-09-2023,16-11-2023,Active
507,170,Vikram Singh,vikram507@gmail.com,9379572353,XYZ College,14-01-2023,11-02-2023,Inactive
508,180,Anjali Verma,anjali508@gmail.com,9166625945,PQR Institute,03-02-2024,02-04-2024,Active
509,159,Rohan Khan,rohan509@gmail.com,9427214649,ABC College,05-10-2024,01-12-2024,Inactive
510,184,Amit Gupta,amit510@gmail.com,9487393612,PQR Institute,15-02-2023,18-02-2023,Inactive
511,147,Sneha Sharma,sneha511@gmail.com,9721820312,LMN University,02-11-2023,06-12-2023,Inactive
512,139,Vikram Verma,vikram512@gmail.com,9426109690,XYZ College,18-05-2024,13-07-2024,Active
513,176,Vikram Verma,vikram513@gmail.com,9089097552,ABC College,26-05-2023,01-06-2023,Active
514,101,Rohan Joshi,rohan514@gmail.com,9432829317,XYZ College,18-05-2023,07-07-2023,Inactive
515,152,Rahul Joshi,rahul515@gmail.com,9123476020,LMN University,07-04-2023,25-04-2023,Inactive
516,164,Anjali Verma,anjali516@gmail.com,9515419215,LMN University,30-07-2023,10-09-2023,Inactive
517,125,Rohan Verma,rohan517@gmail.com,9275424444,LMN University,19-03-2023,22-04-2023,Active
518,137,Rohan Gupta,rohan518@gmail.com,9917640352,XYZ College,15-10-2024,02-11-2024,Active
519,167,Rohan Joshi,rohan519@gmail.com,9840803506,ABC College,20-01-2024,07-03-2024,Inactive
520,189,Amit Patil,amit520@gmail.com,9433211960,PQR Institute,07-07-2023,16-07-2023,Active
521,171,Rahul Joshi,rahul521@gmail.com,9512389726,ABC College,29-07-2024,08-08-2024,Active
522,151,Neha Gupta,neha522@gmail.com,9608453995,ABC College,20-06-2023,28-07-2023,Active
523,173,Neha Gupta,neha523@gmail.com,9736933714,ABC College,13-08-2024,22-09-2024,Inactive
524,155,Rohan Verma,rohan524@gmail.com,9118440873,ABC College,22-05-2024,31-05-2024,Active
525,105,Rahul Gupta,rahul525@gmail.com,9857826975,ABC College,26-10-2024,07-12-2024,Active
526,169,Neha Gupta,neha526@gmail.com,9955174053,PQR Institute,26-11-2023,19-01-2024,Inactive
527,137,Amit Khan,amit527@gmail.com,9800298985,ABC College,01-04-2023,21-04-2023,Active
528,175,Anjali Singh,anjali528@gmail.com,9380166581,ABC College,01-12-2023,17-01-2024,Inactive
529,152,Sneha Patil,sneha529@gmail.com,9537441865,ABC College,24-12-2023,25-12-2023,Active
530,118,Sneha Verma,sneha530@gmail.com,9772615262,XYZ College,03-12-2024,13-12-2024,Active
531,130,Neha Joshi,neha531@gmail.com,9315944594,LMN University,13-05-2024,18-06-2024,Inactive
532,168,Priya Khan,priya532@gmail.com,9907320788,ABC College,25-09-2024,31-10-2024,Active
533,191,Priya Sharma,priya533@gmail.com,9313946584,XYZ College,18-10-2023,03-12-2023,Active
534,154,Vikram Patil,vikram534@gmail.com,9239246742,XYZ College,06-04-2023,31-05-2023,Active
535,176,Anjali Verma,anjali535@gmail.com,9443402527,ABC College,12-05-2024,05-07-2024,Active
536,195,Priya Joshi,priya536@gmail.com,9268885054,LMN University,09-07-2024,27-08-2024,Active
537,200,Rohan Patil,rohan537@gmail.com,9912958624,ABC College,15-08-2023,06-09-2023,Inactive
538,135,Amit Patil,amit538@gmail.com,9573473486,XYZ College,30-01-2024,04-02-2024,Inactive
539,180,Rahul Verma,rahul539@gmail.com,9679213881,ABC College,11-02-2023,08-03-2023,Inactive
540,171,Neha Verma,neha540@gmail.com,9313650273,ABC College,23-04-2024,17-05-2024,Active
541,188,Anjali Singh,anjali541@gmail.com,9346735897,ABC College,13-07-2024,24-07-2024,Inactive
542,150,Priya Gupta,priya542@gmail.com,9166913025,LMN University,30-03-2024,27-04-2024,Inactive
543,187,Priya Sharma,priya543@gmail.com,9946503231,PQR Institute,29-11-2023,25-01-2024,Active
544,161,Vikram Sharma,vikram544@gmail.com,9314947648,XYZ College,17-04-2023,01-05-2023,Inactive
545,170,Vikram Joshi,vikram545@gmail.com,9852609874,ABC College,22-10-2024,10-11-2024,Active
546,161,Anjali Sharma,anjali546@gmail.com,9542093387,PQR Institute,14-06-2023,01-08-2023,Inactive
547,149,Sneha Khan,sneha547@gmail.com,9984229001,ABC College,09-12-2024,02-01-2025,Active
548,154,Anjali Verma,anjali548@gmail.com,9584020641,LMN University,17-08-2023,23-08-2023,Inactive
549,169,Sneha Patil,sneha549@gmail.com,9293044284,PQR Institute,17-11-2023,12-12-2023,Inactive
550,107,Neha Gupta,neha550@gmail.com,9832636682,LMN University,25-09-2024,19-11-2024,Inactive
551,166,Sneha Joshi,sneha551@gmail.com,9890180868,XYZ College,08-01-2023,10-01-2023,Active
552,114,Rahul Singh,rahul552@gmail.com,9624630837,LMN University,18-06-2023,19-07-2023,Inactive
553,151,Anjali Singh,anjali553@gmail.com,9747225477,XYZ College,22-08-2024,30-09-2024,Active
554,178,Sneha Sharma,sneha554@gmail.com,9670117155,ABC College,07-10-2023,29-11-2023,Active
555,121,Sneha Singh,sneha555@gmail.com,9925324833,ABC College,12-04-2024,10-05-2024,Active
556,132,Priya Gupta,priya556@gmail.com,9636556180,XYZ College,03-04-2023,22-05-2023,Inactive
557,106,Anjali Gupta,anjali557@gmail.com,9592131294,XYZ College,17-07-2024,28-08-2024,Inactive
558,200,Vikram Verma,vikram558@gmail.com,9796269957,PQR Institute,23-12-2023,03-02-2024,Inactive
559,178,Rohan Sharma,rohan559@gmail.com,9572246755,XYZ College,13-02-2023,11-03-2023,Active
560,178,Amit Verma,amit560@gmail.com,9738089149,LMN University,27-04-2024,29-04-2024,Active
561,117,Neha Khan,neha561@gmail.com,9829680959,LMN University,17-03-2023,12-04-2023,Inactive
562,126,Rohan Sharma,rohan562@gmail.com,9506876036,PQR Institute,15-07-2024,05-08-2024,Inactive
563,189,Amit Gupta,amit563@gmail.com,9304534647,PQR Institute,12-11-2023,26-12-2023,Inactive
564,149,Neha Patil,neha564@gmail.com,9498595316,ABC College,22-02-2024,21-04-2024,Inactive
565,192,Rohan Verma,rohan565@gmail.com,9118501022,ABC College,22-08-2024,09-09-2024,Active
566,200,Priya Sharma,priya566@gmail.com,9735340234,LMN University,07-03-2023,29-03-2023,Inactive
567,183,Sneha Singh,sneha567@gmail.com,9592317560,XYZ College,24-01-2024,14-03-2024,Inactive
568,108,Neha Singh,neha568@gmail.com,9280564813,LMN University,17-04-2023,25-04-2023,Active
569,106,Rohan Joshi,rohan569@gmail.com,9852035484,XYZ College,11-02-2024,30-03-2024,Active
570,118,Rahul Patil,rahul570@gmail.com,9910191031,ABC College,14-09-2024,14-09-2024,Inactive
571,117,Priya Singh,priya571@gmail.com,9371672194,XYZ College,28-02-2024,11-04-2024,Active
572,147,Vikram Patil,vikram572@gmail.com,9604120140,XYZ College,06-11-2023,23-11-2023,Active
573,185,Anjali Gupta,anjali573@gmail.com,9383669092,XYZ College,09-04-2024,17-04-2024,Inactive
574,154,Rohan Singh,rohan574@gmail.com,9597706735,LMN University,28-04-2023,24-05-2023,Active
575,132,Rohan Joshi,rohan575@gmail.com,9196597375,PQR Institute,27-04-2023,16-06-2023,Active
576,119,Rahul Patil,rahul576@gmail.com,9021613206,ABC College,13-05-2023,03-07-2023,Active
577,125,Rohan Khan,rohan577@gmail.com,9916148175,LMN University,13-05-2024,23-05-2024,Active
578,124,Priya Sharma,priya578@gmail.com,9616368436,XYZ College,22-10-2023,14-12-2023,Active
579,193,Priya Khan,priya579@gmail.com,9419092250,ABC College,30-03-2023,17-04-2023,Active
580,102,Rohan Sharma,rohan580@gmail.com,9610348489,PQR Institute,11-05-2024,29-06-2024,Inactive
581,164,Anjali Sharma,anjali581@gmail.com,9381991506,LMN University,29-06-2024,21-07-2024,Inactive
582,144,Neha Verma,neha582@gmail.com,9232670030,ABC College,24-12-2024,31-12-2024,Active
583,104,Vikram Gupta,vikram583@gmail.com,9345684352,LMN University,06-11-2024,08-12-2024,Inactive
584,114,Sneha Joshi,sneha584@gmail.com,9840961739,XYZ College,12-06-2024,23-07-2024,Active
585,114,Neha Gupta,neha585@gmail.com,9807013357,XYZ College,09-04-2024,13-04-2024,Active
586,106,Rohan Verma,rohan586@gmail.com,9936562140,LMN University,15-08-2023,12-09-2023,Active
587,195,Rahul Khan,rahul587@gmail.com,9299961153,LMN University,22-10-2024,03-11-2024,Active
588,155,Anjali Patil,anjali588@gmail.com,9031115889,ABC College,07-07-2023,30-08-2023,Active
589,109,Neha Verma,neha589@gmail.com,9801283483,XYZ College,24-12-2024,27-01-2025,Inactive
590,178,Rohan Patil,rohan590@gmail.com,9739204273,XYZ College,06-05-2024,01-06-2024,Active
591,110,Rohan Khan,rohan591@gmail.com,9167485907,PQR Institute,23-05-2023,20-07-2023,Active
592,185,Rohan Khan,rohan592@gmail.com,9501220325,PQR Institute,11-03-2023,13-04-2023,Inactive
593,194,Priya Singh,priya593@gmail.com,9758391323,XYZ College,20-10-2023,16-11-2023,Inactive
594,137,Rohan Joshi,rohan594@gmail.com,9871732653,ABC College,02-11-2023,29-12-2023,Active
595,176,Sneha Patil,sneha595@gmail.com,9087203553,XYZ College,26-10-2023,22-11-2023,Active
596,109,Vikram Sharma,vikram596@gmail.com,9403179976,ABC College,25-03-2023,10-04-2023,Inactive
597,200,Rahul Sharma,rahul597@gmail.com,9755544409,ABC College,19-10-2024,05-11-2024,Active
598,101,Priya Verma,priya598@gmail.com,9974984955,LMN University,05-01-2024,16-02-2024,Active
599,111,Sneha Khan,sneha599@gmail.com,9107377918,XYZ College,07-08-2023,08-09-2023,Active
600,134,Rohan Patil,rohan600@gmail.com,9316309250,PQR Institute,14-07-2023,14-07-2023,Active
601,142,Amit Khan,amit601@gmail.com,9343711491,XYZ College,05-09-2024,30-09-2024,Inactive
602,138,Vikram Khan,vikram602@gmail.com,9153745828,PQR Institute,02-11-2024,11-12-2024,Active
603,143,Rohan Patil,rohan603@gmail.com,9441090869,PQR Institute,27-02-2023,26-03-2023,Inactive
604,165,Anjali Singh,anjali604@gmail.com,9760708211,ABC College,23-04-2023,12-06-2023,Active
605,172,Rohan Khan,rohan605@gmail.com,9215963547,XYZ College,23-07-2023,17-08-2023,Inactive
606,128,Anjali Joshi,anjali606@gmail.com,9547582175,ABC College,15-08-2023,30-08-2023,Active
607,139,Anjali Joshi,anjali607@gmail.com,9807345224,LMN University,19-04-2023,06-05-2023,Inactive
608,145,Neha Khan,neha608@gmail.com,9256650888,LMN University,16-01-2024,02-02-2024,Inactive
609,166,Anjali Joshi,anjali609@gmail.com,9646997575,ABC College,12-11-2024,26-12-2024,Active
610,131,Amit Verma,amit610@gmail.com,9998859246,XYZ College,01-10-2024,03-11-2024,Inactive
611,157,Anjali Sharma,anjali611@gmail.com,9981550211,PQR Institute,13-02-2023,26-03-2023,Inactive
612,106,Vikram Khan,vikram612@gmail.com,9934798596,PQR Institute,07-12-2024,12-01-2025,Active
613,183,Rohan Singh,rohan613@gmail.com,9767228740,XYZ College,13-10-2024,15-11-2024,Active
614,166,Anjali Singh,anjali614@gmail.com,9834966747,LMN University,29-04-2023,13-06-2023,Active
615,199,Amit Gupta,amit615@gmail.com,9867113187,PQR Institute,19-09-2024,02-10-2024,Active
616,177,Neha Gupta,neha616@gmail.com,9791963744,LMN University,28-02-2024,30-03-2024,Inactive
617,152,Amit Singh,amit617@gmail.com,9784992690,PQR Institute,18-06-2024,01-07-2024,Active
618,145,Vikram Verma,vikram618@gmail.com,9374477465,ABC College,03-05-2023,24-06-2023,Active
619,140,Priya Singh,priya619@gmail.com,9917500929,PQR Institute,14-02-2024,26-02-2024,Active
620,150,Sneha Gupta,sneha620@gmail.com,9311777071,LMN University,05-04-2024,14-05-2024,Inactive
621,151,Priya Joshi,priya621@gmail.com,9852639566,LMN University,27-12-2023,13-01-2024,Inactive
622,149,Neha Sharma,neha622@gmail.com,9579313210,XYZ College,22-07-2023,13-08-2023,Inactive
623,193,Rohan Joshi,rohan623@gmail.com,9716148382,LMN University,13-12-2023,05-01-2024,Active
624,107,Neha Gupta,neha624@gmail.com,9285976007,XYZ College,13-06-2024,03-08-2024,Active
625,140,Vikram Patil,vikram625@gmail.com,9420103005,XYZ College,13-09-2023,01-10-2023,Active
626,200,Sneha Joshi,sneha626@gmail.com,9334337198,ABC College,25-10-2024,25-10-2024,Active
627,127,Priya Gupta,priya627@gmail.com,9987395116,ABC College,09-03-2023,03-05-2023,Active
628,183,Rahul Gupta,rahul628@gmail.com,9042469781,XYZ College,15-07-2023,29-07-2023,Inactive
629,165,Rahul Verma,rahul629@gmail.com,9489572222,ABC College,26-06-2024,28-07-2024,Active
630,119,Rohan Khan,rohan630@gmail.com,9812367621,PQR Institute,30-10-2024,20-12-2024,Active
631,125,Neha Sharma,neha631@gmail.com,9729986452,LMN University,24-06-2024,13-07-2024,Active
632,146,Amit Verma,amit632@gmail.com,9407679406,PQR Institute,19-01-2023,14-03-2023,Inactive
633,175,Vikram Khan,vikram633@gmail.com,9797089076,LMN University,23-09-2023,10-11-2023,Active
634,187,Rahul Khan,rahul634@gmail.com,9847375083,XYZ College,25-09-2023,10-10-2023,Inactive
635,121,Sneha Singh,sneha635@gmail.com,9605998687,XYZ College,23-08-2024,31-08-2024,Active
636,126,Anjali Singh,anjali636@gmail.com,9469135162,XYZ College,18-10-2024,27-10-2024,Inactive
637,119,Priya Patil,priya637@gmail.com,9600342592,LMN University,01-05-2024,10-05-2024,Inactive
638,136,Amit Khan,amit638@gmail.com,9882237796,XYZ College,24-07-2023,24-07-2023,Active
639,125,Neha Singh,neha639@gmail.com,9222622507,ABC College,22-07-2023,09-08-2023,Inactive
640,133,Amit Gupta,amit640@gmail.com,9941869174,PQR Institute,19-02-2024,02-04-2024,Inactive
641,133,Neha Joshi,neha641@gmail.com,9012303373,PQR Institute,06-08-2024,22-09-2024,Inactive
642,165,Sneha Sharma,sneha642@gmail.com,9517615414,ABC College,05-06-2024,04-07-2024,Inactive
643,124,Priya Singh,priya643@gmail.com,9626094657,LMN University,18-04-2024,12-06-2024,Inactive
644,139,Priya Patil,priya644@gmail.com,9394319411,XYZ College,18-11-2024,29-11-2024,Active
645,172,Vikram Sharma,vikram645@gmail.com,9112880769,ABC College,19-09-2023,06-11-2023,Active
646,162,Anjali Patil,anjali646@gmail.com,9033806443,PQR Institute,03-05-2024,29-06-2024,Inactive
647,100,Priya Khan,priya647@gmail.com,9217041407,ABC College,06-12-2023,09-01-2024,Inactive
648,187,Sneha Verma,sneha648@gmail.com,9637821735,PQR Institute,05-11-2024,24-11-2024,Active
649,177,Anjali Patil,anjali649@gmail.com,9504327116,XYZ College,28-12-2023,04-01-2024,Active
650,106,Sneha Joshi,sneha650@gmail.com,9739484154,PQR Institute,22-02-2023,28-02-2023,Active
651,122,Vikram Verma,vikram651@gmail.com,9582790752,XYZ College,06-05-2023,14-05-2023,Inactive
652,138,Rahul Patil,rahul652@gmail.com,9062097258,PQR Institute,02-08-2023,04-09-2023,Inactive
653,159,Vikram Verma,vikram653@gmail.com,9178977691,XYZ College,14-09-2024,10-10-2024,Inactive
654,167,Neha Khan,neha654@gmail.com,9091178960,XYZ College,24-03-2023,01-05-2023,Inactive
655,175,Rohan Khan,rohan655@gmail.com,9331525948,ABC College,12-01-2023,15-01-2023,Inactive
656,177,Rahul Sharma,rahul656@gmail.com,9652183748,LMN University,26-12-2023,04-01-2024,Inactive
657,176,Amit Khan,amit657@gmail.com,9889226832,PQR Institute,08-08-2024,06-09-2024,Inactive
658,169,Vikram Verma,vikram658@gmail.com,9041444286,PQR Institute,27-05-2024,27-06-2024,Active
659,147,Rahul Joshi,rahul659@gmail.com,9378894011,LMN University,23-08-2024,07-10-2024,Active
660,145,Neha Joshi,neha660@gmail.com,9298278693,LMN University,16-07-2023,23-07-2023,Inactive
661,126,Sneha Verma,sneha661@gmail.com,9903638606,LMN University,04-02-2024,20-02-2024,Inactive
662,182,Priya Singh,priya662@gmail.com,9543669139,ABC College,12-06-2023,02-08-2023,Active
663,166,Sneha Khan,sneha663@gmail.com,9031633708,LMN University,19-12-2024,02-02-2025,Active
664,166,Rohan Singh,rohan664@gmail.com,9035848316,LMN University,16-02-2023,17-04-2023,Inactive
665,187,Rahul Verma,rahul665@gmail.com,9214783254,PQR Institute,11-12-2024,08-02-2025,Active
666,172,Anjali Khan,anjali666@gmail.com,9838919544,ABC College,17-11-2024,25-12-2024,Active
667,126,Neha Sharma,neha667@gmail.com,9555939706,ABC College,18-11-2023,18-12-2023,Inactive
668,136,Amit Patil,amit668@gmail.com,9975640385,PQR Institute,14-12-2023,12-01-2024,Inactive
669,200,Vikram Khan,vikram669@gmail.com,9168865454,PQR Institute,10-10-2024,26-11-2024,Inactive
670,177,Vikram Gupta,vikram670@gmail.com,9273970176,XYZ College,24-05-2023,18-06-2023,Active
671,118,Amit Khan,amit671@gmail.com,9602003531,XYZ College,28-09-2024,11-10-2024,Active
672,166,Priya Singh,priya672@gmail.com,9550746611,PQR Institute,11-06-2023,28-06-2023,Active
673,114,Sneha Sharma,sneha673@gmail.com,9525215569,PQR Institute,21-12-2023,16-02-2024,Inactive
674,128,Rohan Gupta,rohan674@gmail.com,9780289493,LMN University,08-10-2023,28-11-2023,Inactive
675,184,Sneha Gupta,sneha675@gmail.com,9179085036,ABC College,03-08-2023,31-08-2023,Active
676,167,Priya Patil,priya676@gmail.com,9041517862,PQR Institute,21-11-2024,24-11-2024,Inactive
677,166,Sneha Sharma,sneha677@gmail.com,9776179682,LMN University,07-12-2024,23-12-2024,Active
678,126,Priya Khan,priya678@gmail.com,9165472222,ABC College,04-10-2023,10-11-2023,Inactive
679,150,Priya Gupta,priya679@gmail.com,9898453052,LMN University,03-07-2023,08-08-2023,Active
680,101,Sneha Joshi,sneha680@gmail.com,9321129162,LMN University,17-03-2023,10-04-2023,Active
681,103,Vikram Singh,vikram681@gmail.com,9251933374,LMN University,26-10-2024,07-11-2024,Active
682,116,Vikram Patil,vikram682@gmail.com,9960179622,LMN University,30-05-2024,05-07-2024,Active
683,162,Anjali Verma,anjali683@gmail.com,9820270921,PQR Institute,13-11-2023,18-12-2023,Inactive
684,196,Rahul Khan,rahul684@gmail.com,9537391121,LMN University,24-08-2024,27-09-2024,Active
685,195,Anjali Sharma,anjali685@gmail.com,9563362387,ABC College,23-07-2023,29-08-2023,Active
686,183,Vikram Gupta,vikram686@gmail.com,9862913113,LMN University,08-05-2024,07-06-2024,Inactive
687,167,Rohan Sharma,rohan687@gmail.com,9458925624,PQR Institute,26-05-2023,24-07-2023,Inactive
688,132,Rohan Khan,rohan688@gmail.com,9569204959,ABC College,23-12-2024,20-01-2025,Active
689,130,Amit Singh,amit689@gmail.com,9917411345,PQR Institute,22-03-2023,28-03-2023,Active
690,179,Vikram Verma,vikram690@gmail.com,9887565761,ABC College,09-03-2024,06-04-2024,Active
691,106,Amit Patil,amit691@gmail.com,9811966271,LMN University,03-11-2023,01-01-2024,Inactive
692,173,Rohan Verma,rohan692@gmail.com,9493519364,XYZ College,20-03-2024,14-04-2024,Inactive
693,173,Neha Sharma,neha693@gmail.com,9019083512,LMN University,16-10-2023,17-10-2023,Active
694,135,Sneha Singh,sneha694@gmail.com,9228515163,PQR Institute,04-05-2023,12-05-2023,Active
695,107,Anjali Patil,anjali695@gmail.com,9076080994,LMN University,26-11-2023,20-12-2023,Inactive
696,112,Priya Joshi,priya696@gmail.com,9287658528,PQR Institute,20-04-2024,14-06-2024,Inactive
697,198,Sneha Verma,sneha697@gmail.com,9491481965,LMN University,17-09-2024,02-11-2024,Inactive
698,128,Rohan Khan,rohan698@gmail.com,9085021674,ABC College,14-10-2024,23-11-2024,Inactive
699,131,Sneha Gupta,sneha699@gmail.com,9515303688,LMN University,16-10-2023,15-11-2023,Inactive
700,127,Priya Patil,priya700@gmail.com,9714124922,ABC College,25-08-2024,22-09-2024,Active
701,107,Sneha Joshi,sneha701@gmail.com,9840649334,PQR Institute,14-05-2024,31-05-2024,Active
702,172,Sneha Joshi,sneha702@gmail.com,9171943316,LMN University,06-03-2024,15-03-2024,Inactive
703,162,Sneha Joshi,sneha703@gmail.com,9133883900,LMN University,12-12-2024,01-02-2025,Inactive
704,115,Anjali Patil,anjali704@gmail.com,9523198772,LMN University,16-07-2023,02-08-2023,Active
705,108,Amit Gupta,amit705@gmail.com,9899424662,ABC College,01-11-2024,20-11-2024,Inactive
706,183,Sneha Singh,sneha706@gmail.com,9783012767,LMN University,07-01-2024,01-03-2024,Active
707,170,Rahul Verma,rahul707@gmail.com,9224390897,XYZ College,19-12-2023,05-01-2024,Active
708,197,Neha Joshi,neha708@gmail.com,9329340794,XYZ College,18-05-2023,22-05-2023,Active
709,128,Neha Patil,neha709@gmail.com,9216650470,XYZ College,13-02-2023,16-03-2023,Active
710,162,Sneha Joshi,sneha710@gmail.com,9191118825,XYZ College,23-02-2024,06-03-2024,Inactive
711,130,Anjali Patil,anjali711@gmail.com,9930209605,PQR Institute,24-10-2024,24-11-2024,Active
712,149,Rahul Patil,rahul712@gmail.com,9270143938,LMN University,20-01-2024,13-02-2024,Inactive
713,118,Amit Gupta,amit713@gmail.com,9863688476,PQR Institute,25-02-2023,24-04-2023,Active
714,181,Anjali Joshi,anjali714@gmail.com,9043213212,XYZ College,19-08-2024,09-10-2024,Inactive
715,150,Rohan Joshi,rohan715@gmail.com,9288780547,ABC College,12-08-2023,10-10-2023,Active
716,116,Priya Joshi,priya716@gmail.com,9567028269,XYZ College,10-10-2023,14-11-2023,Inactive
717,177,Vikram Singh,vikram717@gmail.com,9417920227,PQR Institute,09-02-2023,26-03-2023,Active
718,151,Rohan Sharma,rohan718@gmail.com,9950609174,XYZ College,03-12-2023,24-12-2023,Active
719,198,Anjali Singh,anjali719@gmail.com,9035977365,LMN University,05-10-2024,24-11-2024,Active
720,136,Anjali Joshi,anjali720@gmail.com,9757529127,XYZ College,13-06-2024,13-06-2024,Inactive
721,107,Sneha Sharma,sneha721@gmail.com,9211695274,XYZ College,13-12-2024,31-12-2024,Active
722,181,Priya Gupta,priya722@gmail.com,9189008836,LMN University,09-06-2024,11-06-2024,Active
723,183,Rahul Khan,rahul723@gmail.com,9126377503,LMN University,15-01-2023,14-03-2023,Active
724,125,Neha Joshi,neha724@gmail.com,9383267752,ABC College,24-01-2023,21-03-2023,Active
725,163,Rahul Verma,rahul725@gmail.com,9459819148,XYZ College,05-02-2024,15-02-2024,Active
726,119,Sneha Gupta,sneha726@gmail.com,9626796008,LMN University,15-04-2023,03-06-2023,Active
727,115,Rahul Verma,rahul727@gmail.com,9265889090,XYZ College,15-04-2023,12-06-2023,Inactive
728,132,Neha Joshi,neha728@gmail.com,9072195852,PQR Institute,06-07-2024,18-07-2024,Inactive
729,184,Anjali Singh,anjali729@gmail.com,9333184468,PQR Institute,07-03-2023,05-05-2023,Inactive
730,167,Amit Sharma,amit730@gmail.com,9298373082,XYZ College,28-07-2023,20-09-2023,Active
731,121,Rohan Patil,rohan731@gmail.com,9785276630,PQR Institute,30-08-2023,07-10-2023,Active
732,124,Rahul Patil,rahul732@gmail.com,9580766640,LMN University,14-01-2024,27-01-2024,Active
733,155,Vikram Joshi,vikram733@gmail.com,9457335462,ABC College,29-01-2023,28-03-2023,Inactive
734,181,Sneha Singh,sneha734@gmail.com,9773497757,ABC College,29-10-2023,30-11-2023,Active
735,138,Rohan Patil,rohan735@gmail.com,9605943914,XYZ College,10-11-2024,05-01-2025,Active
736,116,Neha Sharma,neha736@gmail.com,9995057171,PQR Institute,11-10-2024,09-12-2024,Inactive
737,120,Neha Sharma,neha737@gmail.com,9202930746,XYZ College,14-08-2024,06-10-2024,Inactive
738,183,Neha Khan,neha738@gmail.com,9596720079,XYZ College,10-01-2023,28-01-2023,Active
739,182,Neha Khan,neha739@gmail.com,9535491712,PQR Institute,03-06-2024,19-07-2024,Active
740,138,Amit Sharma,amit740@gmail.com,9306980026,ABC College,14-10-2023,16-11-2023,Inactive
741,192,Neha Gupta,neha741@gmail.com,9054252179,ABC College,16-01-2024,11-03-2024,Active
742,100,Anjali Patil,anjali742@gmail.com,9373390711,LMN University,26-04-2024,13-05-2024,Active
743,177,Neha Khan,neha743@gmail.com,9936814875,XYZ College,09-10-2024,22-11-2024,Active
744,108,Rohan Gupta,rohan744@gmail.com,9067340637,ABC College,17-04-2023,07-05-2023,Inactive
745,134,Sneha Khan,sneha745@gmail.com,9634262573,ABC College,24-08-2024,29-08-2024,Inactive
746,199,Rohan Gupta,rohan746@gmail.com,9760677996,XYZ College,26-04-2023,29-04-2023,Inactive
747,121,Rohan Verma,rohan747@gmail.com,9152897811,LMN University,02-05-2023,30-05-2023,Inactive
748,163,Amit Singh,amit748@gmail.com,9593953357,PQR Institute,16-06-2024,13-08-2024,Active
749,141,Anjali Singh,anjali749@gmail.com,9320492870,ABC College,03-12-2023,19-12-2023,Active
750,111,Rahul Patil,rahul750@gmail.com,9009862606,ABC College,08-07-2023,02-09-2023,Active
751,151,Rohan Patil,rohan751@gmail.com,9730166363,LMN University,24-12-2023,28-12-2023,Active
752,113,Rahul Singh,rahul752@gmail.com,9123062650,XYZ College,04-12-2024,19-01-2025,Active
753,136,Amit Verma,amit753@gmail.com,9902673128,ABC College,01-12-2024,08-12-2024,Active
754,197,Vikram Verma,vikram754@gmail.com,9054490636,ABC College,28-06-2024,01-07-2024,Active
755,131,Sneha Gupta,sneha755@gmail.com,9785874174,LMN University,07-11-2024,22-12-2024,Active
756,193,Anjali Patil,anjali756@gmail.com,9069771547,LMN University,24-01-2023,06-02-2023,Active
757,161,Anjali Verma,anjali757@gmail.com,9978383521,PQR Institute,27-02-2024,17-04-2024,Active
758,126,Priya Verma,priya758@gmail.com,9344244656,ABC College,26-03-2023,11-05-2023,Inactive
759,163,Neha Gupta,neha759@gmail.com,9636694491,PQR Institute,10-03-2024,09-05-2024,Inactive
760,193,Vikram Patil,vikram760@gmail.com,9848830103,XYZ College,08-08-2023,28-08-2023,Inactive
761,120,Vikram Singh,vikram761@gmail.com,9917325294,LMN University,15-05-2024,31-05-2024,Inactive
762,183,Amit Joshi,amit762@gmail.com,9790276049,XYZ College,08-05-2024,14-05-2024,Active
763,151,Vikram Khan,vikram763@gmail.com,9831294982,XYZ College,28-04-2024,13-06-2024,Active
764,192,Rohan Verma,rohan764@gmail.com,9467059800,PQR Institute,03-07-2024,07-08-2024,Active
765,115,Amit Singh,amit765@gmail.com,9562131436,PQR Institute,09-02-2023,18-03-2023,Active
766,196,Rohan Joshi,rohan766@gmail.com,9402149378,ABC College,01-03-2024,10-04-2024,Active
767,107,Amit Joshi,amit767@gmail.com,9463905040,LMN University,29-04-2024,06-06-2024,Inactive
768,179,Priya Joshi,priya768@gmail.com,9497291923,LMN University,18-12-2023,31-12-2023,Active
769,179,Rohan Joshi,rohan769@gmail.com,9010259775,LMN University,29-07-2023,25-09-2023,Inactive
770,133,Rahul Khan,rahul770@gmail.com,9723934230,LMN University,28-11-2023,20-01-2024,Active
771,176,Amit Joshi,amit771@gmail.com,9627629989,ABC College,14-10-2024,13-11-2024,Inactive
772,101,Rohan Patil,rohan772@gmail.com,9430058346,PQR Institute,16-09-2024,06-11-2024,Inactive
773,179,Rahul Patil,rahul773@gmail.com,9406331861,ABC College,12-08-2023,02-10-2023,Active
774,146,Sneha Gupta,sneha774@gmail.com,9008138758,PQR Institute,16-10-2024,21-11-2024,Inactive
775,124,Rahul Sharma,rahul775@gmail.com,9892139886,LMN University,13-03-2023,10-04-2023,Active
776,156,Neha Gupta,neha776@gmail.com,9622987109,ABC College,28-08-2024,25-09-2024,Inactive
777,118,Vikram Joshi,vikram777@gmail.com,9832363926,XYZ College,01-05-2024,04-06-2024,Active
778,149,Rohan Patil,rohan778@gmail.com,9850629772,PQR Institute,13-09-2023,13-10-2023,Inactive
779,186,Anjali Gupta,anjali779@gmail.com,9789832342,LMN University,05-12-2023,21-12-2023,Inactive
780,198,Priya Verma,priya780@gmail.com,9644048766,ABC College,15-08-2023,22-09-2023,Active
781,143,Priya Gupta,priya781@gmail.com,9444372437,ABC College,22-10-2023,02-12-2023,Active
782,122,Anjali Singh,anjali782@gmail.com,9218717166,PQR Institute,22-01-2024,27-01-2024,Active
783,104,Rohan Gupta,rohan783@gmail.com,9532803012,PQR Institute,25-03-2023,16-04-2023,Active
784,157,Sneha Sharma,sneha784@gmail.com,9530999903,ABC College,12-10-2023,25-10-2023,Active
785,132,Rohan Gupta,rohan785@gmail.com,9687648981,PQR Institute,17-06-2023,19-06-2023,Inactive
786,120,Anjali Khan,anjali786@gmail.com,9304606035,ABC College,03-08-2023,02-09-2023,Active
787,144,Sneha Joshi,sneha787@gmail.com,9744794745,PQR Institute,05-02-2024,18-02-2024,Active
788,198,Neha Gupta,neha788@gmail.com,9121219817,XYZ College,12-11-2024,16-11-2024,Active
789,178,Rohan Patil,rohan789@gmail.com,9967746248,LMN University,03-04-2023,10-04-2023,Active
790,142,Sneha Khan,sneha790@gmail.com,9825932368,ABC College,10-03-2023,20-04-2023,Active
791,157,Vikram Gupta,vikram791@gmail.com,9876539754,LMN University,16-12-2023,24-12-2023,Inactive
792,152,Amit Sharma,amit792@gmail.com,9963438211,ABC College,22-05-2024,10-06-2024,Inactive
793,110,Rahul Khan,rahul793@gmail.com,9602090283,PQR Institute,30-07-2023,17-09-2023,Inactive
794,199,Sneha Joshi,sneha794@gmail.com,9052223397,PQR Institute,21-03-2023,24-04-2023,Inactive
795,101,Anjali Singh,anjali795@gmail.com,9812079212,ABC College,20-11-2024,27-11-2024,Inactive
796,122,Priya Joshi,priya796@gmail.com,9180948459,ABC College,16-02-2023,02-04-2023,Inactive
797,107,Amit Joshi,amit797@gmail.com,9024798051,XYZ College,25-11-2024,06-01-2025,Active
798,164,Rahul Verma,rahul798@gmail.com,9119633059,LMN University,22-07-2024,28-08-2024,Active
799,164,Neha Sharma,neha799@gmail.com,9167826958,LMN University,03-06-2024,06-06-2024,Inactive
800,175,Amit Verma,amit800@gmail.com,9393232394,ABC College,26-07-2023,25-08-2023,Inactive
801,145,Neha Khan,neha801@gmail.com,9414305737,ABC College,22-10-2024,27-10-2024,Active
802,130,Amit Gupta,amit802@gmail.com,9974699436,ABC College,02-04-2024,25-05-2024,Inactive
803,171,Sneha Singh,sneha803@gmail.com,9044139759,PQR Institute,16-09-2024,06-11-2024,Inactive
804,135,Anjali Sharma,anjali804@gmail.com,9883152249,ABC College,04-11-2024,17-12-2024,Inactive
805,195,Priya Gupta,priya805@gmail.com,9870133558,PQR Institute,04-01-2023,10-02-2023,Active
806,193,Amit Verma,amit806@gmail.com,9403861251,XYZ College,15-11-2024,13-12-2024,Active
807,109,Priya Patil,priya807@gmail.com,9632541697,LMN University,17-04-2024,22-04-2024,Inactive
808,111,Rohan Patil,rohan808@gmail.com,9139888570,LMN University,26-02-2024,16-04-2024,Inactive
809,133,Rohan Sharma,rohan809@gmail.com,9714656078,PQR Institute,02-07-2024,28-08-2024,Active
810,133,Vikram Khan,vikram810@gmail.com,9964483552,XYZ College,21-12-2023,08-02-2024,Inactive
811,125,Rahul Patil,rahul811@gmail.com,9885028782,XYZ College,26-06-2024,25-07-2024,Inactive
812,180,Anjali Verma,anjali812@gmail.com,9202275114,PQR Institute,20-03-2024,21-04-2024,Inactive
813,161,Neha Gupta,neha813@gmail.com,9583915637,ABC College,04-08-2024,22-08-2024,Inactive
814,113,Rahul Sharma,rahul814@gmail.com,9108620799,LMN University,19-10-2024,20-11-2024,Active
815,170,Vikram Sharma,vikram815@gmail.com,9971341203,ABC College,11-04-2023,31-05-2023,Active
816,161,Anjali Khan,anjali816@gmail.com,9340961725,XYZ College,17-03-2023,04-05-2023,Active
817,196,Vikram Patil,vikram817@gmail.com,9277187551,PQR Institute,09-04-2023,15-05-2023,Inactive
818,104,Neha Patil,neha818@gmail.com,9858063610,LMN University,31-01-2024,20-02-2024,Active
819,180,Priya Gupta,priya819@gmail.com,9160932516,LMN University,13-02-2023,22-02-2023,Active
820,191,Vikram Singh,vikram820@gmail.com,9284684451,XYZ College,18-07-2023,09-08-2023,Active
821,180,Vikram Joshi,vikram821@gmail.com,9999446334,PQR Institute,24-07-2023,24-07-2023,Active
822,155,Priya Sharma,priya822@gmail.com,9130660829,ABC College,06-05-2024,01-07-2024,Inactive
823,123,Rohan Verma,rohan823@gmail.com,9732835720,XYZ College,26-11-2023,07-01-2024,Inactive
824,114,Sneha Sharma,sneha824@gmail.com,9028230280,LMN University,30-08-2023,29-09-2023,Active
825,152,Rohan Sharma,rohan825@gmail.com,9781939340,PQR Institute,30-12-2023,11-01-2024,Inactive
826,176,Neha Singh,neha826@gmail.com,9434737982,ABC College,02-04-2023,19-05-2023,Inactive
827,198,Neha Singh,neha827@gmail.com,9452236170,PQR Institute,12-07-2023,03-08-2023,Inactive
828,100,Priya Patil,priya828@gmail.com,9826435265,PQR Institute,10-02-2024,12-03-2024,Inactive
829,137,Anjali Singh,anjali829@gmail.com,9890035023,LMN University,31-07-2024,05-09-2024,Inactive
830,189,Priya Verma,priya830@gmail.com,9644864601,PQR Institute,08-03-2023,02-04-2023,Inactive
831,181,Vikram Patil,vikram831@gmail.com,9929918855,ABC College,10-03-2024,12-03-2024,Inactive
832,107,Sneha Verma,sneha832@gmail.com,9346364887,ABC College,18-07-2024,15-09-2024,Active
833,101,Rohan Singh,rohan833@gmail.com,9935163017,XYZ College,03-08-2024,11-09-2024,Inactive
834,153,Amit Sharma,amit834@gmail.com,9625867550,XYZ College,06-03-2023,18-03-2023,Inactive
835,118,Vikram Khan,vikram835@gmail.com,9691148006,XYZ College,14-10-2024,24-11-2024,Active
836,111,Neha Gupta,neha836@gmail.com,9690929722,XYZ College,03-11-2024,20-11-2024,Inactive
837,126,Vikram Sharma,vikram837@gmail.com,9462812101,LMN University,11-09-2024,01-11-2024,Inactive
838,132,Rahul Khan,rahul838@gmail.com,9648854018,ABC College,23-05-2023,05-07-2023,Active
839,176,Vikram Verma,vikram839@gmail.com,9755602948,XYZ College,26-12-2023,04-01-2024,Inactive
840,142,Neha Khan,neha840@gmail.com,9788220953,PQR Institute,13-10-2023,30-10-2023,Active
841,180,Rohan Joshi,rohan841@gmail.com,9638025606,XYZ College,26-04-2023,10-05-2023,Active
842,132,Priya Singh,priya842@gmail.com,9513245892,PQR Institute,10-02-2024,13-03-2024,Inactive
843,175,Amit Verma,amit843@gmail.com,9689898180,LMN University,12-06-2023,19-06-2023,Active
844,170,Rahul Khan,rahul844@gmail.com,9545489792,LMN University,14-07-2023,23-07-2023,Inactive
845,196,Anjali Joshi,anjali845@gmail.com,9497514459,LMN University,26-09-2024,10-10-2024,Active
846,171,Sneha Verma,sneha846@gmail.com,9566489504,PQR Institute,02-10-2023,15-10-2023,Inactive
847,169,Sneha Patil,sneha847@gmail.com,9056707811,XYZ College,22-01-2023,04-02-2023,Active
848,119,Sneha Verma,sneha848@gmail.com,9159834388,PQR Institute,23-06-2024,31-07-2024,Inactive
849,151,Rohan Patil,rohan849@gmail.com,9689336200,LMN University,03-11-2024,23-12-2024,Inactive
850,103,Anjali Singh,anjali850@gmail.com,9465665874,ABC College,24-05-2024,03-07-2024,Active
851,131,Rahul Khan,rahul851@gmail.com,9559852430,LMN University,22-03-2023,21-04-2023,Active
852,153,Vikram Singh,vikram852@gmail.com,9085305773,PQR Institute,18-11-2023,22-12-2023,Active
853,180,Rahul Verma,rahul853@gmail.com,9520911867,LMN University,20-01-2023,27-02-2023,Inactive
854,164,Neha Khan,neha854@gmail.com,9424101575,PQR Institute,03-01-2023,01-02-2023,Active
855,194,Anjali Joshi,anjali855@gmail.com,9071120886,ABC College,03-08-2024,24-08-2024,Active
856,142,Priya Gupta,priya856@gmail.com,9651644767,ABC College,09-09-2024,22-09-2024,Inactive
857,101,Sneha Gupta,sneha857@gmail.com,9664256202,ABC College,30-11-2023,13-12-2023,Inactive
858,141,Amit Patil,amit858@gmail.com,9594044000,XYZ College,08-08-2023,25-08-2023,Active
859,132,Rohan Joshi,rohan859@gmail.com,9981020114,ABC College,18-12-2024,16-01-2025,Active
860,169,Sneha Patil,sneha860@gmail.com,9528897462,XYZ College,20-02-2023,18-03-2023,Active
861,191,Rahul Gupta,rahul861@gmail.com,9189047384,LMN University,24-12-2024,29-01-2025,Inactive
862,120,Neha Verma,neha862@gmail.com,9599174375,XYZ College,21-06-2023,09-08-2023,Inactive
863,117,Sneha Verma,sneha863@gmail.com,9697939248,LMN University,18-10-2024,18-11-2024,Inactive
864,198,Rahul Sharma,rahul864@gmail.com,9194350009,ABC College,29-07-2024,09-08-2024,Active
865,176,Amit Khan,amit865@gmail.com,9222976635,XYZ College,03-03-2023,17-03-2023,Active
866,195,Rohan Gupta,rohan866@gmail.com,9276282555,ABC College,08-11-2024,18-12-2024,Inactive
867,104,Sneha Verma,sneha867@gmail.com,9577106150,PQR Institute,01-07-2023,11-07-2023,Inactive
868,160,Amit Sharma,amit868@gmail.com,9550436384,PQR Institute,21-01-2023,14-03-2023,Active
869,123,Sneha Sharma,sneha869@gmail.com,9928775253,XYZ College,28-06-2024,22-07-2024,Active
870,162,Amit Joshi,amit870@gmail.com,9236855829,ABC College,19-11-2023,26-11-2023,Inactive
871,138,Vikram Sharma,vikram871@gmail.com,9464239106,XYZ College,14-01-2023,21-01-2023,Inactive
872,136,Priya Gupta,priya872@gmail.com,9392081263,PQR Institute,26-05-2024,14-07-2024,Inactive
873,129,Neha Sharma,neha873@gmail.com,9244306408,ABC College,13-04-2023,01-05-2023,Inactive
874,149,Rohan Patil,rohan874@gmail.com,9650300838,PQR Institute,08-11-2024,04-01-2025,Active
875,194,Priya Patil,priya875@gmail.com,9721883931,PQR Institute,20-03-2024,02-05-2024,Inactive
876,193,Anjali Khan,anjali876@gmail.com,9709119461,PQR Institute,16-06-2023,27-06-2023,Active
877,163,Vikram Verma,vikram877@gmail.com,9818259360,PQR Institute,29-04-2024,06-06-2024,Active
878,133,Amit Singh,amit878@gmail.com,9816333565,XYZ College,07-10-2024,21-10-2024,Inactive
879,154,Vikram Joshi,vikram879@gmail.com,9107529336,ABC College,17-06-2023,06-07-2023,Inactive
880,174,Rahul Verma,rahul880@gmail.com,9626453591,PQR Institute,26-01-2024,26-01-2024,Active
881,138,Rohan Khan,rohan881@gmail.com,9003292235,LMN University,01-08-2023,26-09-2023,Active
882,104,Vikram Patil,vikram882@gmail.com,9461876616,XYZ College,26-11-2024,15-01-2025,Active
883,141,Priya Khan,priya883@gmail.com,9388328924,XYZ College,08-05-2024,02-07-2024,Active
884,199,Anjali Joshi,anjali884@gmail.com,9630626363,LMN University,27-10-2023,19-12-2023,Active
885,110,Sneha Singh,sneha885@gmail.com,9024530309,LMN University,26-10-2024,10-11-2024,Active
886,127,Vikram Patil,vikram886@gmail.com,9944897174,PQR Institute,13-05-2024,13-05-2024,Active
887,192,Rohan Singh,rohan887@gmail.com,9582413567,PQR Institute,24-07-2024,30-07-2024,Inactive
888,187,Anjali Singh,anjali888@gmail.com,9357281494,XYZ College,28-04-2023,13-06-2023,Active
889,167,Anjali Singh,anjali889@gmail.com,9951238048,PQR Institute,13-03-2024,30-04-2024,Active
890,166,Sneha Sharma,sneha890@gmail.com,9334012583,LMN University,11-04-2024,07-05-2024,Inactive
891,178,Vikram Verma,vikram891@gmail.com,9795694742,XYZ College,19-12-2023,17-02-2024,Inactive
892,145,Anjali Verma,anjali892@gmail.com,9601384808,XYZ College,09-07-2024,19-07-2024,Inactive
893,180,Vikram Joshi,vikram893@gmail.com,9190515033,XYZ College,17-03-2023,10-05-2023,Active
894,167,Anjali Khan,anjali894@gmail.com,9557308520,LMN University,26-08-2024,16-09-2024,Active
895,138,Neha Gupta,neha895@gmail.com,9886088585,XYZ College,04-05-2023,21-05-2023,Active
896,115,Rahul Singh,rahul896@gmail.com,9060286643,LMN University,16-07-2023,24-07-2023,Active
897,109,Vikram Joshi,vikram897@gmail.com,9058472204,ABC College,23-09-2023,26-10-2023,Inactive
898,164,Neha Patil,neha898@gmail.com,9162950549,XYZ College,04-04-2024,28-05-2024,Active
899,198,Vikram Gupta,vikram899@gmail.com,9609513328,ABC College,11-07-2023,07-08-2023,Active
900,137,Rahul Joshi,rahul900@gmail.com,9241486127,PQR Institute,02-09-2024,09-09-2024,Inactive
901,195,Sneha Verma,sneha901@gmail.com,9050079052,PQR Institute,07-10-2024,02-11-2024,Active
902,181,Anjali Singh,anjali902@gmail.com,9172674560,XYZ College,14-09-2024,02-11-2024,Active
903,136,Sneha Verma,sneha903@gmail.com,9876168536,LMN University,19-11-2024,11-12-2024,Active
904,185,Sneha Khan,sneha904@gmail.com,9549820154,XYZ College,09-07-2023,26-07-2023,Inactive
905,167,Rahul Sharma,rahul905@gmail.com,9793416843,ABC College,23-04-2023,20-06-2023,Inactive
906,117,Sneha Verma,sneha906@gmail.com,9633132886,ABC College,15-05-2023,25-05-2023,Active
907,110,Anjali Sharma,anjali907@gmail.com,9908941204,XYZ College,31-05-2023,29-07-2023,Inactive
908,144,Anjali Sharma,anjali908@gmail.com,9229341056,ABC College,02-06-2024,21-07-2024,Inactive
909,155,Neha Patil,neha909@gmail.com,9406936395,PQR Institute,02-03-2024,10-04-2024,Inactive
910,178,Priya Verma,priya910@gmail.com,9333087665,XYZ College,17-04-2023,11-06-2023,Inactive
911,132,Anjali Verma,anjali911@gmail.com,9686408067,XYZ College,24-07-2023,28-08-2023,Active
912,184,Rohan Sharma,rohan912@gmail.com,9778729680,XYZ College,17-01-2024,22-01-2024,Active
913,150,Anjali Singh,anjali913@gmail.com,9548411178,XYZ College,31-12-2023,06-01-2024,Inactive
914,139,Neha Khan,neha914@gmail.com,9494492083,XYZ College,29-09-2024,07-11-2024,Inactive
915,155,Neha Khan,neha915@gmail.com,9562516941,ABC College,04-09-2023,17-10-2023,Active
916,159,Anjali Verma,anjali916@gmail.com,9694664755,PQR Institute,31-10-2024,26-11-2024,Inactive
917,181,Rahul Verma,rahul917@gmail.com,9955649866,ABC College,24-04-2024,05-06-2024,Active
918,136,Anjali Gupta,anjali918@gmail.com,9172370953,ABC College,26-03-2023,08-05-2023,Inactive
919,109,Vikram Singh,vikram919@gmail.com,9464300123,PQR Institute,05-03-2023,18-04-2023,Inactive
920,166,Amit Khan,amit920@gmail.com,9355380206,LMN University,06-03-2024,19-04-2024,Inactive
921,126,Priya Gupta,priya921@gmail.com,9749628811,ABC College,16-02-2024,02-04-2024,Inactive
922,168,Anjali Sharma,anjali922@gmail.com,9681947001,XYZ College,12-11-2023,25-12-2023,Active
923,120,Amit Gupta,amit923@gmail.com,9324670475,ABC College,30-06-2023,08-07-2023,Active
924,170,Vikram Patil,vikram924@gmail.com,9663632011,PQR Institute,20-03-2024,20-03-2024,Inactive
925,146,Rohan Verma,rohan925@gmail.com,9853039094,LMN University,13-07-2024,23-08-2024,Active
926,126,Vikram Sharma,vikram926@gmail.com,9427854333,LMN University,07-01-2023,26-02-2023,Active
927,160,Sneha Patil,sneha927@gmail.com,9994196806,LMN University,06-08-2024,19-08-2024,Inactive
928,171,Sneha Khan,sneha928@gmail.com,9199907699,ABC College,12-10-2024,10-12-2024,Active
929,183,Anjali Joshi,anjali929@gmail.com,9871439480,PQR Institute,12-08-2024,02-10-2024,Inactive
930,132,Vikram Gupta,vikram930@gmail.com,9316939702,ABC College,09-11-2024,13-11-2024,Inactive
931,108,Rohan Verma,rohan931@gmail.com,9114334561,XYZ College,07-10-2024,08-10-2024,Inactive
932,147,Rohan Khan,rohan932@gmail.com,9371042867,LMN University,26-05-2024,10-07-2024,Inactive
933,131,Sneha Patil,sneha933@gmail.com,9220332748,ABC College,03-06-2023,19-06-2023,Inactive
934,181,Sneha Sharma,sneha934@gmail.com,9692138502,LMN University,29-07-2023,01-09-2023,Active
935,115,Rahul Khan,rahul935@gmail.com,9131359218,LMN University,20-02-2024,20-03-2024,Active
936,158,Anjali Gupta,anjali936@gmail.com,9329319828,ABC College,03-05-2023,15-05-2023,Inactive
937,131,Anjali Khan,anjali937@gmail.com,9828804135,PQR Institute,20-08-2024,23-08-2024,Inactive
938,198,Neha Patil,neha938@gmail.com,9919949592,LMN University,06-08-2023,27-08-2023,Inactive
939,150,Anjali Verma,anjali939@gmail.com,9914223522,LMN University,05-12-2023,17-01-2024,Inactive
940,159,Rohan Sharma,rohan940@gmail.com,9931826918,XYZ College,16-03-2024,03-04-2024,Active
941,120,Anjali Verma,anjali941@gmail.com,9182054440,PQR Institute,11-04-2024,02-05-2024,Inactive
942,135,Rohan Verma,rohan942@gmail.com,9099003684,LMN University,18-11-2023,18-12-2023,Active
943,159,Amit Verma,amit943@gmail.com,9329376419,PQR Institute,26-09-2023,21-11-2023,Inactive
944,200,Amit Sharma,amit944@gmail.com,9560705577,PQR Institute,29-05-2023,15-06-2023,Inactive
945,175,Rahul Joshi,rahul945@gmail.com,9011954082,LMN University,05-10-2024,24-10-2024,Inactive
946,137,Rohan Verma,rohan946@gmail.com,9540240982,ABC College,16-12-2024,13-02-2025,Active
947,142,Rahul Joshi,rahul947@gmail.com,9548918162,LMN University,14-05-2023,04-07-2023,Active
948,133,Sneha Sharma,sneha948@gmail.com,9231034849,ABC College,30-11-2024,23-12-2024,Inactive
949,119,Rahul Gupta,rahul949@gmail.com,9631067392,ABC College,20-02-2024,24-03-2024,Inactive
950,102,Amit Joshi,amit950@gmail.com,9592076909,LMN University,05-01-2024,16-01-2024,Active
951,153,Neha Gupta,neha951@gmail.com,9958708553,LMN University,22-06-2023,20-08-2023,Active
952,174,Rahul Sharma,rahul952@gmail.com,9031217106,PQR Institute,27-06-2023,07-07-2023,Active
953,119,Anjali Patil,anjali953@gmail.com,9246028252,LMN University,22-10-2024,13-12-2024,Inactive
954,174,Anjali Khan,anjali954@gmail.com,9562321445,LMN University,17-12-2023,17-12-2023,Active
955,160,Anjali Gupta,anjali955@gmail.com,9679610674,LMN University,21-12-2024,28-12-2024,Inactive
956,182,Anjali Sharma,anjali956@gmail.com,9099428383,PQR Institute,06-09-2024,25-10-2024,Active
957,185,Rohan Gupta,rohan957@gmail.com,9618299944,XYZ College,08-12-2024,29-01-2025,Inactive
958,182,Rahul Khan,rahul958@gmail.com,9755749697,ABC College,22-10-2023,02-11-2023,Active
959,162,Amit Joshi,amit959@gmail.com,9541662660,PQR Institute,30-10-2024,25-11-2024,Inactive
960,109,Neha Sharma,neha960@gmail.com,9603406072,PQR Institute,18-08-2024,27-08-2024,Active
961,110,Anjali Gupta,anjali961@gmail.com,9809828498,ABC College,11-11-2023,31-12-2023,Active
962,174,Vikram Joshi,vikram962@gmail.com,9759165627,XYZ College,19-02-2024,10-04-2024,Active
963,185,Anjali Verma,anjali963@gmail.com,9272040661,XYZ College,20-09-2024,26-09-2024,Active
964,101,Rohan Patil,rohan964@gmail.com,9428014231,PQR Institute,29-12-2023,07-01-2024,Inactive
965,188,Rahul Joshi,rahul965@gmail.com,9595732059,LMN University,21-09-2024,02-11-2024,Inactive
966,119,Rohan Sharma,rohan966@gmail.com,9099892192,PQR Institute,26-03-2024,25-04-2024,Active
967,181,Rahul Sharma,rahul967@gmail.com,9954590537,XYZ College,13-07-2023,18-07-2023,Inactive
968,181,Rahul Singh,rahul968@gmail.com,9862704498,PQR Institute,23-12-2023,26-01-2024,Active
969,160,Priya Gupta,priya969@gmail.com,9922994702,LMN University,09-07-2024,06-08-2024,Inactive
970,167,Vikram Patil,vikram970@gmail.com,9227712096,LMN University,27-08-2023,29-08-2023,Active
971,112,Neha Singh,neha971@gmail.com,9437196404,XYZ College,27-12-2023,22-02-2024,Inactive
972,181,Neha Gupta,neha972@gmail.com,9426341555,LMN University,23-10-2024,19-11-2024,Active
973,145,Vikram Khan,vikram973@gmail.com,9194398506,LMN University,30-12-2023,05-02-2024,Active
974,160,Priya Patil,priya974@gmail.com,9962522281,XYZ College,24-01-2023,27-02-2023,Active
975,180,Rohan Khan,rohan975@gmail.com,9252799044,PQR Institute,23-04-2023,23-04-2023,Inactive
976,175,Rahul Patil,rahul976@gmail.com,9979518994,PQR Institute,07-09-2024,24-10-2024,Active
977,133,Priya Joshi,priya977@gmail.com,9222892783,LMN University,29-06-2024,27-07-2024,Active
978,185,Amit Gupta,amit978@gmail.com,9330302452,XYZ College,30-09-2024,08-10-2024,Active
979,104,Vikram Singh,vikram979@gmail.com,9962859664,LMN University,11-03-2023,10-04-2023,Active
980,171,Vikram Gupta,vikram980@gmail.com,9438092734,LMN University,12-08-2023,12-08-2023,Active
981,101,Anjali Gupta,anjali981@gmail.com,9294027315,PQR Institute,19-01-2024,19-03-2024,Inactive
982,197,Neha Gupta,neha982@gmail.com,9354266069,XYZ College,21-04-2024,05-05-2024,Inactive
983,165,Priya Singh,priya983@gmail.com,9552527921,XYZ College,27-08-2023,26-10-2023,Inactive
984,112,Rohan Patil,rohan984@gmail.com,9258064152,PQR Institute,13-08-2023,01-09-2023,Inactive
985,179,Priya Patil,priya985@gmail.com,9636397352,LMN University,08-12-2023,01-02-2024,Active
986,176,Vikram Gupta,vikram986@gmail.com,9001691329,LMN University,16-01-2024,02-02-2024,Active
987,156,Vikram Sharma,vikram987@gmail.com,9383649887,PQR Institute,23-03-2023,16-04-2023,Inactive
988,170,Anjali Sharma,anjali988@gmail.com,9941510034,XYZ College,15-01-2023,25-02-2023,Active
989,104,Rahul Khan,rahul989@gmail.com,9169072135,LMN University,18-01-2023,10-02-2023,Active
990,153,Neha Khan,neha990@gmail.com,9241981573,ABC College,23-12-2023,12-01-2024,Inactive
991,173,Anjali Sharma,anjali991@gmail.com,9104283730,PQR Institute,10-12-2024,20-12-2024,Inactive
992,131,Amit Khan,amit992@gmail.com,9968966103,ABC College,10-07-2023,06-08-2023,Inactive
993,196,Rahul Patil,rahul993@gmail.com,9401080650,XYZ College,27-01-2023,15-03-2023,Active
994,131,Priya Verma,priya994@gmail.com,9958675785,LMN University,07-02-2023,31-03-2023,Inactive
995,132,Neha Verma,neha995@gmail.com,9599594450,ABC College,02-01-2024,25-01-2024,Active
996,174,Rohan Singh,rohan996@gmail.com,9480675229,ABC College,12-10-2023,20-11-2023,Active
997,181,Rohan Khan,rohan997@gmail.com,9246052039,XYZ College,14-07-2024,29-07-2024,Inactive
998,175,Amit Verma,amit998@gmail.com,9376598855,LMN University,20-11-2023,05-01-2024,Active
999,180,Amit Gupta,amit999@gmail.com,9790885365,LMN University,29-03-2024,19-05-2024,Active
1000,119,Rahul Verma,rahul1000@gmail.com,9834231140,ABC College,23-05-2024,12-06-2024,Inactive
